199999999, placeholderLiftType, 2
599999999, placeholderLiftType, 4
999999999, placeholderLiftType, 2
1399999999, placeholderLiftType, 6
1799999999, placeholderLiftType, 6
2199999999, placeholderLiftType, 12
2599999999, placeholderLiftType, 11
2999999999, placeholderLiftType, 8
3399999999, placeholderLiftType, 4
3799999999, placeholderLiftType, 3
4199999999, placeholderLiftType, 3
4599999999, placeholderLiftType, 3
4999999999, placeholderLiftType, 3
5399999999, placeholderLiftType, 3
5799999999, placeholderLiftType, 7
6199999999, placeholderLiftType, 2
6599999999, placeholderLiftType, 5
6999999999, placeholderLiftType, 5
7399999999, placeholderLiftType, 9
7799999999, placeholderLiftType, 12
8199999999, placeholderLiftType, 8
8599999999, placeholderLiftType, 2
8999999999, placeholderLiftType, 3
9399999999, placeholderLiftType, 2
9799999999, placeholderLiftType, 3
10199999999, placeholderLiftType, 3
10599999999, placeholderLiftType, 3
10999999999, placeholderLiftType, 2
11399999999, placeholderLiftType, 2
11799999999, placeholderLiftType, 2
12199999999, placeholderLiftType, 2
12599999999, placeholderLiftType, 1
12999999999, placeholderLiftType, 1
13399999999, placeholderLiftType, 7
13799999999, placeholderLiftType, 7
14199999999, placeholderLiftType, 1
14599999999, placeholderLiftType, 13
14999999999, placeholderLiftType, 13
15399999999, placeholderLiftType, 6
15799999999, placeholderLiftType, 4
16199999999, placeholderLiftType, 2
16599999999, placeholderLiftType, 2
16999999999, placeholderLiftType, 8
17399999999, placeholderLiftType, 17
17799999999, placeholderLiftType, 6
18199999999, placeholderLiftType, 4
18599999999, placeholderLiftType, 1
18999999999, placeholderLiftType, 1
19399999999, placeholderLiftType, 1
19799999999, placeholderLiftType, 2
20199999999, placeholderLiftType, 6
20599999999, placeholderLiftType, 6
20999999999, placeholderLiftType, 2
21359999999, placeholderLiftType, 2
21759999999, placeholderLiftType, 2
22119999999, placeholderLiftType, 2
22479999999, placeholderLiftType, 2
22879999999, placeholderLiftType, 2
23239999999, placeholderLiftType, 2
23639999999, placeholderLiftType, 2
24039999999, placeholderLiftType, 2
24439999999, placeholderLiftType, 2
24839999999, placeholderLiftType, 2
25239999999, placeholderLiftType, 3
25639999999, placeholderLiftType, 3
26039999999, placeholderLiftType, 2
26439999999, placeholderLiftType, 8
26839999999, placeholderLiftType, 3
27239999999, placeholderLiftType, 1
27639999999, placeholderLiftType, 3
28039999999, placeholderLiftType, 3
28439999999, placeholderLiftType, 2
28839999999, placeholderLiftType, 1
29239999999, placeholderLiftType, 3
29639999999, placeholderLiftType, 3
30039999999, placeholderLiftType, 3
30439999999, placeholderLiftType, 4
30839999999, placeholderLiftType, 5
31239999999, placeholderLiftType, 5
31639999999, placeholderLiftType, 6
32039999999, placeholderLiftType, 6
32439999999, placeholderLiftType, 5
32799999999, placeholderLiftType, 2
33159999999, placeholderLiftType, 0
33519999999, placeholderLiftType, 2
33919999999, placeholderLiftType, 2
34319999999, placeholderLiftType, 9
34719999999, placeholderLiftType, 8
35119999999, placeholderLiftType, 4
35519999999, placeholderLiftType, 8
35919999999, placeholderLiftType, 7
36319999999, placeholderLiftType, 9
36719999999, placeholderLiftType, 6
37119999999, placeholderLiftType, 1
37519999999, placeholderLiftType, 7
37919999999, placeholderLiftType, 1
38319999999, placeholderLiftType, 9
38719999999, placeholderLiftType, 0
39119999999, placeholderLiftType, 1
39519999999, placeholderLiftType, 6
39919999999, placeholderLiftType, 9
40319999999, placeholderLiftType, 6
40719999999, placeholderLiftType, 7
41119999999, placeholderLiftType, 3
41519999999, placeholderLiftType, 3
41879999999, placeholderLiftType, 9
42279999999, placeholderLiftType, 2
42679999999, placeholderLiftType, 2
43079999999, placeholderLiftType, 3
43479999999, placeholderLiftType, 3
43879999999, placeholderLiftType, 2
44279999999, placeholderLiftType, 2
44679999999, placeholderLiftType, 8
45079999999, placeholderLiftType, 3
45479999999, placeholderLiftType, 2
45879999999, placeholderLiftType, 6
46279999999, placeholderLiftType, 3
46679999999, placeholderLiftType, 3
47079999999, placeholderLiftType, 2
47479999999, placeholderLiftType, 2
47879999999, placeholderLiftType, 2
48279999999, placeholderLiftType, 3
48679999999, placeholderLiftType, 4
49079999999, placeholderLiftType, 5
49479999999, placeholderLiftType, 5
49879999999, placeholderLiftType, 7
50279999999, placeholderLiftType, 3
50679999999, placeholderLiftType, 4
51079999999, placeholderLiftType, 5
51479999999, placeholderLiftType, 4
51879999999, placeholderLiftType, 3
52279999999, placeholderLiftType, 2
52679999999, placeholderLiftType, 5
53079999999, placeholderLiftType, 2
53479999999, placeholderLiftType, 9
53879999999, placeholderLiftType, 3
54279999999, placeholderLiftType, 3
54679999999, placeholderLiftType, 2
55079999999, placeholderLiftType, 2
55479999999, placeholderLiftType, 2
55879999999, placeholderLiftType, 7
56279999999, placeholderLiftType, 1
56679999999, placeholderLiftType, 1
57079999999, placeholderLiftType, 2
57479999999, placeholderLiftType, 1
57879999999, placeholderLiftType, 1
58279999999, placeholderLiftType, 5
58679999999, placeholderLiftType, 2
59079999999, placeholderLiftType, 1
59479999999, placeholderLiftType, 7
59879999999, placeholderLiftType, 9
60279999999, placeholderLiftType, 16
60679999999, placeholderLiftType, 2
61079999999, placeholderLiftType, 6
61479999999, placeholderLiftType, 8
61879999999, placeholderLiftType, 7
62279999999, placeholderLiftType, 6
62679999999, placeholderLiftType, 16
63079999999, placeholderLiftType, 16
63479999999, placeholderLiftType, 15
63879999999, placeholderLiftType, 1
64279999999, placeholderLiftType, 1
64679999999, placeholderLiftType, 1
65079999999, placeholderLiftType, 2
65439999999, placeholderLiftType, 2
65839999999, placeholderLiftType, 2
66239999999, placeholderLiftType, 3
66639999999, placeholderLiftType, 3
67039999999, placeholderLiftType, 3
67439999999, placeholderLiftType, 3
67839999999, placeholderLiftType, 3
68239999999, placeholderLiftType, 7
68599999999, placeholderLiftType, 13
68999999999, placeholderLiftType, 5
69399999999, placeholderLiftType, 7
69799999999, placeholderLiftType, 7
70199999999, placeholderLiftType, 4
70599999999, placeholderLiftType, 10
70999999999, placeholderLiftType, 4
71399999999, placeholderLiftType, 8
71799999999, placeholderLiftType, 19
72199999999, placeholderLiftType, 15
72599999999, placeholderLiftType, 4
72999999999, placeholderLiftType, 3
73399999999, placeholderLiftType, 3
73799999999, placeholderLiftType, 2
74199999999, placeholderLiftType, 1
74599999999, placeholderLiftType, 2
74999999999, placeholderLiftType, 1
75399999999, placeholderLiftType, 1
75799999999, placeholderLiftType, 1
76199999999, placeholderLiftType, 1
76599999999, placeholderLiftType, 12
76999999999, placeholderLiftType, 6
77399999999, placeholderLiftType, 16
77799999999, placeholderLiftType, 14
78199999999, placeholderLiftType, 14
78599999999, placeholderLiftType, 6
78999999999, placeholderLiftType, 2
79399999999, placeholderLiftType, 2
79799999999, placeholderLiftType, 2
80199999999, placeholderLiftType, 2
80599999999, placeholderLiftType, 2
80999999999, placeholderLiftType, 2
81399999999, placeholderLiftType, 1
81799999999, placeholderLiftType, 1
82199999999, placeholderLiftType, 1
82599999999, placeholderLiftType, 1
82999999999, placeholderLiftType, 2
83399999999, placeholderLiftType, 2
83799999999, placeholderLiftType, 2
84199999999, placeholderLiftType, 2
84599999999, placeholderLiftType, 3
84999999999, placeholderLiftType, 5
85399999999, placeholderLiftType, 4
85799999999, placeholderLiftType, 3
86199999999, placeholderLiftType, 9
86599999999, placeholderLiftType, 14
86999999999, placeholderLiftType, 13
87399999999, placeholderLiftType, 15
87799999999, placeholderLiftType, 3
88199999999, placeholderLiftType, 2
88599999999, placeholderLiftType, 2
88999999999, placeholderLiftType, 2
89399999999, placeholderLiftType, 3
89799999999, placeholderLiftType, 9
90199999999, placeholderLiftType, 10
90599999999, placeholderLiftType, 10
90999999999, placeholderLiftType, 6
91399999999, placeholderLiftType, 3
91799999999, placeholderLiftType, 3
92199999999, placeholderLiftType, 3
92599999999, placeholderLiftType, 3
92999999999, placeholderLiftType, 5
93399999999, placeholderLiftType, 15
93799999999, placeholderLiftType, 11
94199999999, placeholderLiftType, 19
94599999999, placeholderLiftType, 19
94999999999, placeholderLiftType, 13
95399999999, placeholderLiftType, 6
95759999999, placeholderLiftType, 5
96159999999, placeholderLiftType, 13
96559999999, placeholderLiftType, 0
96959999999, placeholderLiftType, 0
97359999999, placeholderLiftType, 2
97759999999, placeholderLiftType, 2
98159999999, placeholderLiftType, 2
98559999999, placeholderLiftType, 5
98959999999, placeholderLiftType, 3
99359999999, placeholderLiftType, 5
99759999999, placeholderLiftType, 0
100159999999, placeholderLiftType, 10
100559999999, placeholderLiftType, 11
100959999999, placeholderLiftType, 12
101359999999, placeholderLiftType, 21
101759999999, placeholderLiftType, 18
102159999999, placeholderLiftType, 14
102559999999, placeholderLiftType, 11
102959999999, placeholderLiftType, 5
103359999999, placeholderLiftType, 5
103759999999, placeholderLiftType, 9
104159999999, placeholderLiftType, 16
104559999999, placeholderLiftType, 14
104959999999, placeholderLiftType, 14
105359999999, placeholderLiftType, 12
105759999999, placeholderLiftType, 18
106159999999, placeholderLiftType, 14
106559999999, placeholderLiftType, 18
106959999999, placeholderLiftType, 17
107359999999, placeholderLiftType, 4
107759999999, placeholderLiftType, 11
108159999999, placeholderLiftType, 3
108559999999, placeholderLiftType, 4
108959999999, placeholderLiftType, 3
109359999999, placeholderLiftType, 6
109759999999, placeholderLiftType, 5
110159999999, placeholderLiftType, 2
110559999999, placeholderLiftType, 2
110919999999, placeholderLiftType, 2
111319999999, placeholderLiftType, 2
111719999999, placeholderLiftType, 10
112119999999, placeholderLiftType, 1
112519999999, placeholderLiftType, 1
112919999999, placeholderLiftType, 1
113319999999, placeholderLiftType, 1
113719999999, placeholderLiftType, 1
114119999999, placeholderLiftType, 1
114479999999, placeholderLiftType, 1
114839999999, placeholderLiftType, 2
115159999999, placeholderLiftType, 1
115559999999, placeholderLiftType, 1
115959999999, placeholderLiftType, 1
116319999999, placeholderLiftType, 2
116719999999, placeholderLiftType, 2
117119999999, placeholderLiftType, 2
117519999999, placeholderLiftType, 4
117919999999, placeholderLiftType, 8
118319999999, placeholderLiftType, 19
118719999999, placeholderLiftType, 21
119119999999, placeholderLiftType, 17
119519999999, placeholderLiftType, 14
119919999999, placeholderLiftType, 15
120319999999, placeholderLiftType, 9
120719999999, placeholderLiftType, 9
121119999999, placeholderLiftType, 10
121519999999, placeholderLiftType, 8
121919999999, placeholderLiftType, 9
122319999999, placeholderLiftType, 8
122719999999, placeholderLiftType, 9
123119999999, placeholderLiftType, 14
123519999999, placeholderLiftType, 17
123919999999, placeholderLiftType, 17
124319999999, placeholderLiftType, 24
124719999999, placeholderLiftType, 23
125119999999, placeholderLiftType, 22
125519999999, placeholderLiftType, 23
125919999999, placeholderLiftType, 22
126319999999, placeholderLiftType, 12
126719999999, placeholderLiftType, 20
127119999999, placeholderLiftType, 5
127519999999, placeholderLiftType, 16
127919999999, placeholderLiftType, 14
128319999999, placeholderLiftType, 12
128719999999, placeholderLiftType, 15
129119999999, placeholderLiftType, 11
129519999999, placeholderLiftType, 18
129919999999, placeholderLiftType, 22
130319999999, placeholderLiftType, 23
130719999999, placeholderLiftType, 24
131119999999, placeholderLiftType, 23
131519999999, placeholderLiftType, 23
131919999999, placeholderLiftType, 23
132319999999, placeholderLiftType, 23
132719999999, placeholderLiftType, 23
133119999999, placeholderLiftType, 23
133519999999, placeholderLiftType, 23
133919999999, placeholderLiftType, 24
134279999999, placeholderLiftType, 24
134679999999, placeholderLiftType, 23
135039999999, placeholderLiftType, 23
135359999999, placeholderLiftType, 22
135759999999, placeholderLiftType, 23
136159999999, placeholderLiftType, 23
136559999999, placeholderLiftType, 23
136959999999, placeholderLiftType, 22
137359999999, placeholderLiftType, 22
137759999999, placeholderLiftType, 14
138159999999, placeholderLiftType, 19
138559999999, placeholderLiftType, 20
138959999999, placeholderLiftType, 22
139359999999, placeholderLiftType, 21
139759999999, placeholderLiftType, 17
140159999999, placeholderLiftType, 21
140559999999, placeholderLiftType, 20
140959999999, placeholderLiftType, 21
141359999999, placeholderLiftType, 21
141759999999, placeholderLiftType, 22
142159999999, placeholderLiftType, 22
142559999999, placeholderLiftType, 21
142959999999, placeholderLiftType, 21
143359999999, placeholderLiftType, 21
143759999999, placeholderLiftType, 20
144159999999, placeholderLiftType, 19
144559999999, placeholderLiftType, 19
144959999999, placeholderLiftType, 19
145359999999, placeholderLiftType, 18
145759999999, placeholderLiftType, 20
146159999999, placeholderLiftType, 21
146559999999, placeholderLiftType, 21
146959999999, placeholderLiftType, 20
147359999999, placeholderLiftType, 22
147759999999, placeholderLiftType, 21
148159999999, placeholderLiftType, 21
148559999999, placeholderLiftType, 22
148959999999, placeholderLiftType, 23
149359999999, placeholderLiftType, 22
149759999999, placeholderLiftType, 1
150159999999, placeholderLiftType, 1
150559999999, placeholderLiftType, 1
150959999999, placeholderLiftType, 2
151359999999, placeholderLiftType, 2
151759999999, placeholderLiftType, 12
152159999999, placeholderLiftType, 16
152559999999, placeholderLiftType, 7
152959999999, placeholderLiftType, 13
153359999999, placeholderLiftType, 19
153759999999, placeholderLiftType, 19
154159999999, placeholderLiftType, 19
154559999999, placeholderLiftType, 19
154959999999, placeholderLiftType, 20
155359999999, placeholderLiftType, 20
155759999999, placeholderLiftType, 19
156159999999, placeholderLiftType, 21
156559999999, placeholderLiftType, 21
156959999999, placeholderLiftType, 21
157319999999, placeholderLiftType, 21
157719999999, placeholderLiftType, 20
158119999999, placeholderLiftType, 20
158519999999, placeholderLiftType, 21
158919999999, placeholderLiftType, 19
159319999999, placeholderLiftType, 20
159719999999, placeholderLiftType, 18
160119999999, placeholderLiftType, 17
160519999999, placeholderLiftType, 17
160919999999, placeholderLiftType, 18
161319999999, placeholderLiftType, 18
161719999999, placeholderLiftType, 18
162119999999, placeholderLiftType, 18
162519999999, placeholderLiftType, 15
162919999999, placeholderLiftType, 14
163279999999, placeholderLiftType, 15
163639999999, placeholderLiftType, 11
164039999999, placeholderLiftType, 6
164439999999, placeholderLiftType, 2
164839999999, placeholderLiftType, 2
165239999999, placeholderLiftType, 2
165639999999, placeholderLiftType, 1
166039999999, placeholderLiftType, 1
166439999999, placeholderLiftType, 3
166839999999, placeholderLiftType, 7
167199999999, placeholderLiftType, 7
167599999999, placeholderLiftType, 8
167999999999, placeholderLiftType, 8
168399999999, placeholderLiftType, 8
168799999999, placeholderLiftType, 8
169199999999, placeholderLiftType, 7
169599999999, placeholderLiftType, 5
169999999999, placeholderLiftType, 9
170399999999, placeholderLiftType, 8
170799999999, placeholderLiftType, 8
171199999999, placeholderLiftType, 8
171599999999, placeholderLiftType, 8
171999999999, placeholderLiftType, 8
172399999999, placeholderLiftType, 7
172799999999, placeholderLiftType, 8
173199999999, placeholderLiftType, 9
173599999999, placeholderLiftType, 11
173959999999, placeholderLiftType, 11
174359999999, placeholderLiftType, 10
174719999999, placeholderLiftType, 8
175039999999, placeholderLiftType, 5
175399999999, placeholderLiftType, 8
175799999999, placeholderLiftType, 7
176199999999, placeholderLiftType, 4
176599999999, placeholderLiftType, 5
176999999999, placeholderLiftType, 4
177399999999, placeholderLiftType, 4
177799999999, placeholderLiftType, 2
178199999999, placeholderLiftType, 3
178559999999, placeholderLiftType, 1
178959999999, placeholderLiftType, 6
179359999999, placeholderLiftType, 6
179759999999, placeholderLiftType, 3
180159999999, placeholderLiftType, 3
180559999999, placeholderLiftType, 1
180959999999, placeholderLiftType, 1
181359999999, placeholderLiftType, 5
181759999999, placeholderLiftType, 4
182159999999, placeholderLiftType, 5
182559999999, placeholderLiftType, 13
182959999999, placeholderLiftType, 13
183359999999, placeholderLiftType, 21
183759999999, placeholderLiftType, 22
184159999999, placeholderLiftType, 22
184559999999, placeholderLiftType, 22
184959999999, placeholderLiftType, 22
185359999999, placeholderLiftType, 22
185759999999, placeholderLiftType, 21
186159999999, placeholderLiftType, 20
186559999999, placeholderLiftType, 19
186959999999, placeholderLiftType, 18
187359999999, placeholderLiftType, 18
187759999999, placeholderLiftType, 15
188159999999, placeholderLiftType, 12
188559999999, placeholderLiftType, 15
188959999999, placeholderLiftType, 15
189359999999, placeholderLiftType, 16
189759999999, placeholderLiftType, 17
190159999999, placeholderLiftType, 18
190559999999, placeholderLiftType, 19
190959999999, placeholderLiftType, 17
191359999999, placeholderLiftType, 15
191759999999, placeholderLiftType, 14
192159999999, placeholderLiftType, 14
192559999999, placeholderLiftType, 11
192959999999, placeholderLiftType, 13
193359999999, placeholderLiftType, 10
193759999999, placeholderLiftType, 11
194159999999, placeholderLiftType, 11
194559999999, placeholderLiftType, 11
194959999999, placeholderLiftType, 11
195359999999, placeholderLiftType, 12
195759999999, placeholderLiftType, 11
196159999999, placeholderLiftType, 12
196559999999, placeholderLiftType, 10
196959999999, placeholderLiftType, 8
197359999999, placeholderLiftType, 10
197759999999, placeholderLiftType, 10
198159999999, placeholderLiftType, 10
198559999999, placeholderLiftType, 11
198959999999, placeholderLiftType, 17
199359999999, placeholderLiftType, 18
199759999999, placeholderLiftType, 18
200119999999, placeholderLiftType, 19
200519999999, placeholderLiftType, 19
200919999999, placeholderLiftType, 20
201319999999, placeholderLiftType, 19
201719999999, placeholderLiftType, 19
202119999999, placeholderLiftType, 20
202519999999, placeholderLiftType, 20
202919999999, placeholderLiftType, 19
203319999999, placeholderLiftType, 20
203719999999, placeholderLiftType, 20
204119999999, placeholderLiftType, 20
204519999999, placeholderLiftType, 20
204919999999, placeholderLiftType, 20
205319999999, placeholderLiftType, 19
205719999999, placeholderLiftType, 18
206119999999, placeholderLiftType, 19
206519999999, placeholderLiftType, 20
206919999999, placeholderLiftType, 21
207319999999, placeholderLiftType, 20
207719999999, placeholderLiftType, 20
208119999999, placeholderLiftType, 14
208519999999, placeholderLiftType, 5
208919999999, placeholderLiftType, 12
209319999999, placeholderLiftType, 18
209719999999, placeholderLiftType, 19
210119999999, placeholderLiftType, 20
210519999999, placeholderLiftType, 20
210919999999, placeholderLiftType, 20
211319999999, placeholderLiftType, 20
211719999999, placeholderLiftType, 20
212119999999, placeholderLiftType, 21
212519999999, placeholderLiftType, 21
212919999999, placeholderLiftType, 21
213319999999, placeholderLiftType, 19
213719999999, placeholderLiftType, 20
214119999999, placeholderLiftType, 20
214519999999, placeholderLiftType, 21
214879999999, placeholderLiftType, 19
215279999999, placeholderLiftType, 20
215639999999, placeholderLiftType, 19
215959999999, placeholderLiftType, 20
216359999999, placeholderLiftType, 20
216719999999, placeholderLiftType, 19
217119999999, placeholderLiftType, 21
217479999999, placeholderLiftType, 21
217879999999, placeholderLiftType, 11
218279999999, placeholderLiftType, 12
218679999999, placeholderLiftType, 5
219079999999, placeholderLiftType, 9
219479999999, placeholderLiftType, 9
219879999999, placeholderLiftType, 9
220279999999, placeholderLiftType, 8
220679999999, placeholderLiftType, 7
221079999999, placeholderLiftType, 7
221479999999, placeholderLiftType, 6
221879999999, placeholderLiftType, 4
222279999999, placeholderLiftType, 7
222679999999, placeholderLiftType, 8
223079999999, placeholderLiftType, 3
223479999999, placeholderLiftType, 2
223879999999, placeholderLiftType, 2
224279999999, placeholderLiftType, 2
224679999999, placeholderLiftType, 5
225079999999, placeholderLiftType, 7
225479999999, placeholderLiftType, 5
225879999999, placeholderLiftType, 2
226279999999, placeholderLiftType, 14
226679999999, placeholderLiftType, 16
227079999999, placeholderLiftType, 10
227479999999, placeholderLiftType, 2
227879999999, placeholderLiftType, 7
228279999999, placeholderLiftType, 2
228679999999, placeholderLiftType, 9
229079999999, placeholderLiftType, 7
229479999999, placeholderLiftType, 16
229879999999, placeholderLiftType, 3
230279999999, placeholderLiftType, 1
230679999999, placeholderLiftType, 1
231079999999, placeholderLiftType, 2
231479999999, placeholderLiftType, 2
231879999999, placeholderLiftType, 1
232279999999, placeholderLiftType, 2
232679999999, placeholderLiftType, 2
233079999999, placeholderLiftType, 2
233479999999, placeholderLiftType, 1
233879999999, placeholderLiftType, 3
234279999999, placeholderLiftType, 3
234679999999, placeholderLiftType, 4
235079999999, placeholderLiftType, 7
235479999999, placeholderLiftType, 1
235879999999, placeholderLiftType, 0
236279999999, placeholderLiftType, 0
236679999999, placeholderLiftType, 8
237079999999, placeholderLiftType, 8
237479999999, placeholderLiftType, 7
237879999999, placeholderLiftType, 8
238279999999, placeholderLiftType, 8
238679999999, placeholderLiftType, 6
239079999999, placeholderLiftType, 2
239479999999, placeholderLiftType, 1
239879999999, placeholderLiftType, 1
240279999999, placeholderLiftType, 2
240679999999, placeholderLiftType, 2
241079999999, placeholderLiftType, 2
241479999999, placeholderLiftType, 2
241879999999, placeholderLiftType, 2
242279999999, placeholderLiftType, 2
242679999999, placeholderLiftType, 2
243079999999, placeholderLiftType, 3
243479999999, placeholderLiftType, 3
243879999999, placeholderLiftType, 3
244279999999, placeholderLiftType, 2
244679999999, placeholderLiftType, 2
245079999999, placeholderLiftType, 1
245479999999, placeholderLiftType, 5
245879999999, placeholderLiftType, 7
246279999999, placeholderLiftType, 14
246679999999, placeholderLiftType, 2
247079999999, placeholderLiftType, 2
247479999999, placeholderLiftType, 2
247879999999, placeholderLiftType, 2
248279999999, placeholderLiftType, 1
248679999999, placeholderLiftType, 2
249079999999, placeholderLiftType, 2
249479999999, placeholderLiftType, 2
249879999999, placeholderLiftType, 2
250279999999, placeholderLiftType, 1
250679999999, placeholderLiftType, 3
251079999999, placeholderLiftType, 6
251479999999, placeholderLiftType, 2
251879999999, placeholderLiftType, 6
252279999999, placeholderLiftType, 8
252679999999, placeholderLiftType, 10
253079999999, placeholderLiftType, 10
253479999999, placeholderLiftType, 1
253879999999, placeholderLiftType, 10
254279999999, placeholderLiftType, 8
254679999999, placeholderLiftType, 2
255079999999, placeholderLiftType, 2
255479999999, placeholderLiftType, 3
255879999999, placeholderLiftType, 4
256279999999, placeholderLiftType, 8
256679999999, placeholderLiftType, 3
257079999999, placeholderLiftType, 4
257479999999, placeholderLiftType, 4
257879999999, placeholderLiftType, 6
258279999999, placeholderLiftType, 2
258679999999, placeholderLiftType, 10
259039999999, placeholderLiftType, 9
259439999999, placeholderLiftType, 4
259839999999, placeholderLiftType, 4
260239999999, placeholderLiftType, 3
260639999999, placeholderLiftType, 4
261039999999, placeholderLiftType, 4
261439999999, placeholderLiftType, 4
261839999999, placeholderLiftType, 4
262239999999, placeholderLiftType, 5
262639999999, placeholderLiftType, 2
263039999999, placeholderLiftType, 2
263439999999, placeholderLiftType, 5
263839999999, placeholderLiftType, 4
264239999999, placeholderLiftType, 8
264639999999, placeholderLiftType, 5
265039999999, placeholderLiftType, 5
265439999999, placeholderLiftType, 5
265839999999, placeholderLiftType, 4
266239999999, placeholderLiftType, 5
266639999999, placeholderLiftType, 4
267039999999, placeholderLiftType, 4
267439999999, placeholderLiftType, 4
267839999999, placeholderLiftType, 4
268239999999, placeholderLiftType, 4
268639999999, placeholderLiftType, 5
269039999999, placeholderLiftType, 4
269439999999, placeholderLiftType, 4
269839999999, placeholderLiftType, 4
270239999999, placeholderLiftType, 3
270639999999, placeholderLiftType, 6
271039999999, placeholderLiftType, 6
271439999999, placeholderLiftType, 6
271839999999, placeholderLiftType, 9
272239999999, placeholderLiftType, 8
272639999999, placeholderLiftType, 8
273039999999, placeholderLiftType, 7
273439999999, placeholderLiftType, 8
273839999999, placeholderLiftType, 8
274239999999, placeholderLiftType, 7
274639999999, placeholderLiftType, 8
275039999999, placeholderLiftType, 7
275439999999, placeholderLiftType, 9
275839999999, placeholderLiftType, 8
276239999999, placeholderLiftType, 3
276639999999, placeholderLiftType, 4
277039999999, placeholderLiftType, 3
277439999999, placeholderLiftType, 6
277839999999, placeholderLiftType, 7
278199999999, placeholderLiftType, 6
278599999999, placeholderLiftType, 7
278999999999, placeholderLiftType, 9
279399999999, placeholderLiftType, 8
279799999999, placeholderLiftType, 8
280199999999, placeholderLiftType, 7
280599999999, placeholderLiftType, 8
280999999999, placeholderLiftType, 8
281399999999, placeholderLiftType, 7
281799999999, placeholderLiftType, 8
282199999999, placeholderLiftType, 7
282599999999, placeholderLiftType, 5
282999999999, placeholderLiftType, 10
283399999999, placeholderLiftType, 4
283799999999, placeholderLiftType, 2
284199999999, placeholderLiftType, 2
284559999999, placeholderLiftType, 2
284959999999, placeholderLiftType, 2
285279999999, placeholderLiftType, 1
285639999999, placeholderLiftType, 2
286039999999, placeholderLiftType, 3
286439999999, placeholderLiftType, 2
286839999999, placeholderLiftType, 2
287239999999, placeholderLiftType, 3
287639999999, placeholderLiftType, 3
288039999999, placeholderLiftType, 4
288439999999, placeholderLiftType, 5
288839999999, placeholderLiftType, 2
289239999999, placeholderLiftType, 3
289639999999, placeholderLiftType, 2
290039999999, placeholderLiftType, 8
290439999999, placeholderLiftType, 4
290839999999, placeholderLiftType, 5
291239999999, placeholderLiftType, 4
291639999999, placeholderLiftType, 4
292039999999, placeholderLiftType, 4
292439999999, placeholderLiftType, 5
292839999999, placeholderLiftType, 6
293239999999, placeholderLiftType, 5
293639999999, placeholderLiftType, 4
294039999999, placeholderLiftType, 2
294439999999, placeholderLiftType, 2
294839999999, placeholderLiftType, 2
295199999999, placeholderLiftType, 2
295559999999, placeholderLiftType, 2
295959999999, placeholderLiftType, 2
296359999999, placeholderLiftType, 4
296759999999, placeholderLiftType, 4
297159999999, placeholderLiftType, 4
297559999999, placeholderLiftType, 2
297959999999, placeholderLiftType, 2
298359999999, placeholderLiftType, 2
298759999999, placeholderLiftType, 3
299159999999, placeholderLiftType, 2
299559999999, placeholderLiftType, 4
299959999999, placeholderLiftType, 4
300359999999, placeholderLiftType, 9
300759999999, placeholderLiftType, 3
301159999999, placeholderLiftType, 12
301559999999, placeholderLiftType, 2
301959999999, placeholderLiftType, 5
302359999999, placeholderLiftType, 12
302759999999, placeholderLiftType, 3
303159999999, placeholderLiftType, 6
303519999999, placeholderLiftType, 3
303919999999, placeholderLiftType, 3
304319999999, placeholderLiftType, 3
304719999999, placeholderLiftType, 3
305119999999, placeholderLiftType, 3
305519999999, placeholderLiftType, 4
305919999999, placeholderLiftType, 6
306279999999, placeholderLiftType, 2
306679999999, placeholderLiftType, 2
307079999999, placeholderLiftType, 9
307479999999, placeholderLiftType, 8
307879999999, placeholderLiftType, 7
308279999999, placeholderLiftType, 7
308679999999, placeholderLiftType, 8
309079999999, placeholderLiftType, 9
309479999999, placeholderLiftType, 8
309879999999, placeholderLiftType, 8
310279999999, placeholderLiftType, 8
310679999999, placeholderLiftType, 7
311079999999, placeholderLiftType, 7
311479999999, placeholderLiftType, 7
311879999999, placeholderLiftType, 10
312279999999, placeholderLiftType, 4
312679999999, placeholderLiftType, 6
313079999999, placeholderLiftType, 7
313479999999, placeholderLiftType, 8
313879999999, placeholderLiftType, 9
314279999999, placeholderLiftType, 4
314679999999, placeholderLiftType, 4
315079999999, placeholderLiftType, 3
315479999999, placeholderLiftType, 3
315879999999, placeholderLiftType, 3
316279999999, placeholderLiftType, 2
316679999999, placeholderLiftType, 8
317079999999, placeholderLiftType, 2
317479999999, placeholderLiftType, 2
317879999999, placeholderLiftType, 2
318279999999, placeholderLiftType, 2
318679999999, placeholderLiftType, 5
319079999999, placeholderLiftType, 5
319479999999, placeholderLiftType, 8
319879999999, placeholderLiftType, 1
320239999999, placeholderLiftType, 9
320639999999, placeholderLiftType, 2
321039999999, placeholderLiftType, 2
321439999999, placeholderLiftType, 1
321839999999, placeholderLiftType, 1
322239999999, placeholderLiftType, 2
322639999999, placeholderLiftType, 8
323039999999, placeholderLiftType, 16
323439999999, placeholderLiftType, 16
323839999999, placeholderLiftType, 16
324239999999, placeholderLiftType, 10
324639999999, placeholderLiftType, 3
325039999999, placeholderLiftType, 8
325439999999, placeholderLiftType, 2
325839999999, placeholderLiftType, 7
326239999999, placeholderLiftType, 4
326639999999, placeholderLiftType, 6
327039999999, placeholderLiftType, 4
327439999999, placeholderLiftType, 7
327839999999, placeholderLiftType, 3
328239999999, placeholderLiftType, 4
328639999999, placeholderLiftType, 6
329039999999, placeholderLiftType, 1
329439999999, placeholderLiftType, 1
329839999999, placeholderLiftType, 5
330239999999, placeholderLiftType, 2
330639999999, placeholderLiftType, 7
331039999999, placeholderLiftType, 8
331439999999, placeholderLiftType, 13
331839999999, placeholderLiftType, 14
332239999999, placeholderLiftType, 0
332639999999, placeholderLiftType, 5
333039999999, placeholderLiftType, 7
333439999999, placeholderLiftType, 2
333839999999, placeholderLiftType, 1
334239999999, placeholderLiftType, 4
334639999999, placeholderLiftType, 2
335039999999, placeholderLiftType, 3
335439999999, placeholderLiftType, 2
335839999999, placeholderLiftType, 2
336239999999, placeholderLiftType, 2
336599999999, placeholderLiftType, 2
336999999999, placeholderLiftType, 2
337359999999, placeholderLiftType, 4
337679999999, placeholderLiftType, 6
338079999999, placeholderLiftType, 1
338479999999, placeholderLiftType, 2
338879999999, placeholderLiftType, 3
339279999999, placeholderLiftType, 1
339679999999, placeholderLiftType, 3
340079999999, placeholderLiftType, 2
340479999999, placeholderLiftType, 8
340879999999, placeholderLiftType, 2
341279999999, placeholderLiftType, 14
341679999999, placeholderLiftType, 2
342079999999, placeholderLiftType, 5
342479999999, placeholderLiftType, 1
342879999999, placeholderLiftType, 1
343279999999, placeholderLiftType, 2
343679999999, placeholderLiftType, 2
344079999999, placeholderLiftType, 3
344479999999, placeholderLiftType, 4
344879999999, placeholderLiftType, 3
345279999999, placeholderLiftType, 4
345679999999, placeholderLiftType, 4
346079999999, placeholderLiftType, 4
346479999999, placeholderLiftType, 3
346879999999, placeholderLiftType, 2
347279999999, placeholderLiftType, 4
347679999999, placeholderLiftType, 3
348079999999, placeholderLiftType, 7
348479999999, placeholderLiftType, 8
348879999999, placeholderLiftType, 1
349279999999, placeholderLiftType, 0
349679999999, placeholderLiftType, 0
350079999999, placeholderLiftType, 0
350479999999, placeholderLiftType, 2
350879999999, placeholderLiftType, 2
351279999999, placeholderLiftType, 2
351679999999, placeholderLiftType, 2
352079999999, placeholderLiftType, 3
352479999999, placeholderLiftType, 3
352879999999, placeholderLiftType, 3
353279999999, placeholderLiftType, 2
353679999999, placeholderLiftType, 2
354079999999, placeholderLiftType, 3
354479999999, placeholderLiftType, 2
354879999999, placeholderLiftType, 3
355279999999, placeholderLiftType, 6
355679999999, placeholderLiftType, 2
356039999999, placeholderLiftType, 3
356439999999, placeholderLiftType, 4
356839999999, placeholderLiftType, 3
357239999999, placeholderLiftType, 4
357639999999, placeholderLiftType, 5
358039999999, placeholderLiftType, 5
358439999999, placeholderLiftType, 3
358839999999, placeholderLiftType, 4
359239999999, placeholderLiftType, 3
359639999999, placeholderLiftType, 4
360039999999, placeholderLiftType, 3
360439999999, placeholderLiftType, 0
360839999999, placeholderLiftType, 2
361239999999, placeholderLiftType, 1
361639999999, placeholderLiftType, 0
362039999999, placeholderLiftType, 0
362439999999, placeholderLiftType, 0
362839999999, placeholderLiftType, 0
363239999999, placeholderLiftType, 0
363639999999, placeholderLiftType, 0
364039999999, placeholderLiftType, 0
364439999999, placeholderLiftType, 0
364839999999, placeholderLiftType, 3
365239999999, placeholderLiftType, 4
365639999999, placeholderLiftType, 2
365999999999, placeholderLiftType, 4
366399999999, placeholderLiftType, 4
366759999999, placeholderLiftType, 5
367159999999, placeholderLiftType, 6
367559999999, placeholderLiftType, 3
367959999999, placeholderLiftType, 2
368359999999, placeholderLiftType, 7
368759999999, placeholderLiftType, 9
369159999999, placeholderLiftType, 2
369559999999, placeholderLiftType, 3
369959999999, placeholderLiftType, 6
370359999999, placeholderLiftType, 9
370759999999, placeholderLiftType, 9
371159999999, placeholderLiftType, 8
371559999999, placeholderLiftType, 9
371959999999, placeholderLiftType, 10
372359999999, placeholderLiftType, 9
372759999999, placeholderLiftType, 9
373159999999, placeholderLiftType, 10
373559999999, placeholderLiftType, 9
373959999999, placeholderLiftType, 13
374359999999, placeholderLiftType, 6
374759999999, placeholderLiftType, 6
375159999999, placeholderLiftType, 3
375559999999, placeholderLiftType, 3
375959999999, placeholderLiftType, 2
376359999999, placeholderLiftType, 10
376759999999, placeholderLiftType, 2
377159999999, placeholderLiftType, 10
377559999999, placeholderLiftType, 3
377959999999, placeholderLiftType, 5
378359999999, placeholderLiftType, 9
378759999999, placeholderLiftType, 11
379159999999, placeholderLiftType, 3
379559999999, placeholderLiftType, 10
379959999999, placeholderLiftType, 13
380359999999, placeholderLiftType, 17
380759999999, placeholderLiftType, 16
381159999999, placeholderLiftType, 15
381559999999, placeholderLiftType, 18
381959999999, placeholderLiftType, 9
382359999999, placeholderLiftType, 13
382759999999, placeholderLiftType, 6
383159999999, placeholderLiftType, 10
383559999999, placeholderLiftType, 10
383959999999, placeholderLiftType, 12
384359999999, placeholderLiftType, 16
384759999999, placeholderLiftType, 14
385159999999, placeholderLiftType, 15
385559999999, placeholderLiftType, 20
385959999999, placeholderLiftType, 22
386359999999, placeholderLiftType, 21
386759999999, placeholderLiftType, 21
387159999999, placeholderLiftType, 23
387559999999, placeholderLiftType, 23
387959999999, placeholderLiftType, 21
388359999999, placeholderLiftType, 17
388759999999, placeholderLiftType, 20
389119999999, placeholderLiftType, 4
389519999999, placeholderLiftType, 5
389919999999, placeholderLiftType, 9
390319999999, placeholderLiftType, 4
390719999999, placeholderLiftType, 10
391119999999, placeholderLiftType, 3
391519999999, placeholderLiftType, 6
391919999999, placeholderLiftType, 7
392319999999, placeholderLiftType, 11
392719999999, placeholderLiftType, 14
393119999999, placeholderLiftType, 7
393519999999, placeholderLiftType, 6
393919999999, placeholderLiftType, 5
394319999999, placeholderLiftType, 1
394719999999, placeholderLiftType, 1
395119999999, placeholderLiftType, 2
395519999999, placeholderLiftType, 1
395919999999, placeholderLiftType, 5
396319999999, placeholderLiftType, 7
396719999999, placeholderLiftType, 12
397119999999, placeholderLiftType, 2
397519999999, placeholderLiftType, 2
397919999999, placeholderLiftType, 9
398319999999, placeholderLiftType, 3
398719999999, placeholderLiftType, 2
399119999999, placeholderLiftType, 1
399519999999, placeholderLiftType, 3
399919999999, placeholderLiftType, 5
400319999999, placeholderLiftType, 4
400719999999, placeholderLiftType, 1
401119999999, placeholderLiftType, 4
401519999999, placeholderLiftType, 1
401919999999, placeholderLiftType, 9
402319999999, placeholderLiftType, 9
402719999999, placeholderLiftType, 13
403119999999, placeholderLiftType, 2
403519999999, placeholderLiftType, 2
403919999999, placeholderLiftType, 3
404319999999, placeholderLiftType, 2
404719999999, placeholderLiftType, 5
405119999999, placeholderLiftType, 1
405519999999, placeholderLiftType, 2
405919999999, placeholderLiftType, 2
406319999999, placeholderLiftType, 2
406719999999, placeholderLiftType, 3
407119999999, placeholderLiftType, 4
407519999999, placeholderLiftType, 2
407919999999, placeholderLiftType, 2
408319999999, placeholderLiftType, 1
408719999999, placeholderLiftType, 2
409119999999, placeholderLiftType, 2
409519999999, placeholderLiftType, 1
409919999999, placeholderLiftType, 2
410319999999, placeholderLiftType, 0
410719999999, placeholderLiftType, 0
411119999999, placeholderLiftType, 0
411519999999, placeholderLiftType, 6
411919999999, placeholderLiftType, 5
412319999999, placeholderLiftType, 6
412719999999, placeholderLiftType, 4
413119999999, placeholderLiftType, 5
413519999999, placeholderLiftType, 5
413879999999, placeholderLiftType, 3
414279999999, placeholderLiftType, 4
414679999999, placeholderLiftType, 4
415079999999, placeholderLiftType, 4
415479999999, placeholderLiftType, 6
415879999999, placeholderLiftType, 5
416279999999, placeholderLiftType, 3
416679999999, placeholderLiftType, 3
417079999999, placeholderLiftType, 4
417479999999, placeholderLiftType, 6
417879999999, placeholderLiftType, 4
418279999999, placeholderLiftType, 4
418679999999, placeholderLiftType, 2
419079999999, placeholderLiftType, 3
419479999999, placeholderLiftType, 2
419879999999, placeholderLiftType, 0
420279999999, placeholderLiftType, 1
420679999999, placeholderLiftType, 2
421079999999, placeholderLiftType, 1
421479999999, placeholderLiftType, 2
421879999999, placeholderLiftType, 7
422279999999, placeholderLiftType, 6
422679999999, placeholderLiftType, 9
423079999999, placeholderLiftType, 7
423479999999, placeholderLiftType, 3
423879999999, placeholderLiftType, 3
424279999999, placeholderLiftType, 7
424679999999, placeholderLiftType, 11
425079999999, placeholderLiftType, 13
425479999999, placeholderLiftType, 13
425879999999, placeholderLiftType, 12
426279999999, placeholderLiftType, 8
426679999999, placeholderLiftType, 13
427079999999, placeholderLiftType, 13
427479999999, placeholderLiftType, 15
427879999999, placeholderLiftType, 3
428279999999, placeholderLiftType, 11
428679999999, placeholderLiftType, 7
429079999999, placeholderLiftType, 5
429479999999, placeholderLiftType, 6
429879999999, placeholderLiftType, 5
430239999999, placeholderLiftType, 7
430599999999, placeholderLiftType, 5
430999999999, placeholderLiftType, 3
431399999999, placeholderLiftType, 11
431799999999, placeholderLiftType, 18
432199999999, placeholderLiftType, 11
432599999999, placeholderLiftType, 12
432999999999, placeholderLiftType, 6
433399999999, placeholderLiftType, 6
433799999999, placeholderLiftType, 14
434199999999, placeholderLiftType, 13
434599999999, placeholderLiftType, 14
434999999999, placeholderLiftType, 3
435399999999, placeholderLiftType, 3
435799999999, placeholderLiftType, 2
436199999999, placeholderLiftType, 3
436599999999, placeholderLiftType, 2
436999999999, placeholderLiftType, 7
437399999999, placeholderLiftType, 12
437799999999, placeholderLiftType, 10
438199999999, placeholderLiftType, 16
438599999999, placeholderLiftType, 14
438999999999, placeholderLiftType, 17
439399999999, placeholderLiftType, 18
439799999999, placeholderLiftType, 17
440199999999, placeholderLiftType, 15
440599999999, placeholderLiftType, 10
440999999999, placeholderLiftType, 12
441399999999, placeholderLiftType, 13
441799999999, placeholderLiftType, 9
442199999999, placeholderLiftType, 6
442599999999, placeholderLiftType, 2
442999999999, placeholderLiftType, 6
443399999999, placeholderLiftType, 4
443759999999, placeholderLiftType, 4
444159999999, placeholderLiftType, 6
444559999999, placeholderLiftType, 6
444959999999, placeholderLiftType, 6
445359999999, placeholderLiftType, 7
445759999999, placeholderLiftType, 10
446159999999, placeholderLiftType, 9
446559999999, placeholderLiftType, 4
446959999999, placeholderLiftType, 10
447359999999, placeholderLiftType, 4
447759999999, placeholderLiftType, 8
448159999999, placeholderLiftType, 10
448559999999, placeholderLiftType, 10
448959999999, placeholderLiftType, 14
449359999999, placeholderLiftType, 12
449759999999, placeholderLiftType, 9
450119999999, placeholderLiftType, 9
450519999999, placeholderLiftType, 9
450919999999, placeholderLiftType, 6
451319999999, placeholderLiftType, 3
451719999999, placeholderLiftType, 11
452119999999, placeholderLiftType, 9
452519999999, placeholderLiftType, 9
452919999999, placeholderLiftType, 10
453279999999, placeholderLiftType, 16
453679999999, placeholderLiftType, 13
454079999999, placeholderLiftType, 12
454479999999, placeholderLiftType, 7
454879999999, placeholderLiftType, 3
455279999999, placeholderLiftType, 3
455679999999, placeholderLiftType, 3
456079999999, placeholderLiftType, 2
456479999999, placeholderLiftType, 2
456879999999, placeholderLiftType, 2
457279999999, placeholderLiftType, 2
457639999999, placeholderLiftType, 3
458039999999, placeholderLiftType, 3
458439999999, placeholderLiftType, 7
458839999999, placeholderLiftType, 4
459239999999, placeholderLiftType, 12
459639999999, placeholderLiftType, 12
460039999999, placeholderLiftType, 12
460439999999, placeholderLiftType, 10
460839999999, placeholderLiftType, 6
461239999999, placeholderLiftType, 5
461639999999, placeholderLiftType, 2
462039999999, placeholderLiftType, 2
462439999999, placeholderLiftType, 3
462839999999, placeholderLiftType, 1
463239999999, placeholderLiftType, 3
463599999999, placeholderLiftType, 2
463999999999, placeholderLiftType, 2
464399999999, placeholderLiftType, 2
464799999999, placeholderLiftType, 3
465199999999, placeholderLiftType, 4
465599999999, placeholderLiftType, 3
465999999999, placeholderLiftType, 4
466399999999, placeholderLiftType, 4
466799999999, placeholderLiftType, 4
467199999999, placeholderLiftType, 4
467599999999, placeholderLiftType, 4
467999999999, placeholderLiftType, 4
468399999999, placeholderLiftType, 13
468799999999, placeholderLiftType, 13
469199999999, placeholderLiftType, 19
469559999999, placeholderLiftType, 20
469959999999, placeholderLiftType, 20
470359999999, placeholderLiftType, 18
470759999999, placeholderLiftType, 4
471159999999, placeholderLiftType, 7
471559999999, placeholderLiftType, 6
471959999999, placeholderLiftType, 5
472359999999, placeholderLiftType, 4
472759999999, placeholderLiftType, 8
473159999999, placeholderLiftType, 8
473559999999, placeholderLiftType, 15
473919999999, placeholderLiftType, 15
474319999999, placeholderLiftType, 15
474719999999, placeholderLiftType, 14
475119999999, placeholderLiftType, 14
475519999999, placeholderLiftType, 14
475879999999, placeholderLiftType, 14
476279999999, placeholderLiftType, 15
476679999999, placeholderLiftType, 11
477079999999, placeholderLiftType, 13
477439999999, placeholderLiftType, 5
477839999999, placeholderLiftType, 13
478199999999, placeholderLiftType, 10
478599999999, placeholderLiftType, 18
478959999999, placeholderLiftType, 18
479359999999, placeholderLiftType, 16
479719999999, placeholderLiftType, 15
480119999999, placeholderLiftType, 15
480519999999, placeholderLiftType, 11
480879999999, placeholderLiftType, 9
481279999999, placeholderLiftType, 18
481679999999, placeholderLiftType, 6
482079999999, placeholderLiftType, 19
482479999999, placeholderLiftType, 16
482879999999, placeholderLiftType, 17
483279999999, placeholderLiftType, 17
483679999999, placeholderLiftType, 18
484079999999, placeholderLiftType, 13
484479999999, placeholderLiftType, 13
484879999999, placeholderLiftType, 13
485279999999, placeholderLiftType, 14
485679999999, placeholderLiftType, 14
486079999999, placeholderLiftType, 13
486479999999, placeholderLiftType, 15
486879999999, placeholderLiftType, 15
487279999999, placeholderLiftType, 14
487639999999, placeholderLiftType, 14
488039999999, placeholderLiftType, 14
488439999999, placeholderLiftType, 14
488799999999, placeholderLiftType, 14
489159999999, placeholderLiftType, 14
489519999999, placeholderLiftType, 15
489919999999, placeholderLiftType, 14
490319999999, placeholderLiftType, 14
490719999999, placeholderLiftType, 15
491119999999, placeholderLiftType, 15
491519999999, placeholderLiftType, 14
491919999999, placeholderLiftType, 14
492319999999, placeholderLiftType, 7
492719999999, placeholderLiftType, 6
493119999999, placeholderLiftType, 5
493519999999, placeholderLiftType, 6
493919999999, placeholderLiftType, 11
494319999999, placeholderLiftType, 15
494679999999, placeholderLiftType, 10
495079999999, placeholderLiftType, 6
495479999999, placeholderLiftType, 10
495879999999, placeholderLiftType, 8
496279999999, placeholderLiftType, 13
496639999999, placeholderLiftType, 13
497039999999, placeholderLiftType, 14
497439999999, placeholderLiftType, 20
497839999999, placeholderLiftType, 12
498239999999, placeholderLiftType, 18
498639999999, placeholderLiftType, 18
498959999999, placeholderLiftType, 8
499359999999, placeholderLiftType, 6
499759999999, placeholderLiftType, 4
500159999999, placeholderLiftType, 9
500559999999, placeholderLiftType, 20
500959999999, placeholderLiftType, 4
501359999999, placeholderLiftType, 4
501759999999, placeholderLiftType, 12
502159999999, placeholderLiftType, 13
502559999999, placeholderLiftType, 11
502959999999, placeholderLiftType, 10
503359999999, placeholderLiftType, 9
503759999999, placeholderLiftType, 10
504159999999, placeholderLiftType, 9
504559999999, placeholderLiftType, 9
504959999999, placeholderLiftType, 8
505359999999, placeholderLiftType, 9
505719999999, placeholderLiftType, 10
506119999999, placeholderLiftType, 10
506519999999, placeholderLiftType, 10
506919999999, placeholderLiftType, 8
507319999999, placeholderLiftType, 2
507719999999, placeholderLiftType, 4
508119999999, placeholderLiftType, 1
508519999999, placeholderLiftType, 6
508919999999, placeholderLiftType, 7
509319999999, placeholderLiftType, 9
509719999999, placeholderLiftType, 8
510119999999, placeholderLiftType, 5
510519999999, placeholderLiftType, 10
510919999999, placeholderLiftType, 8
511319999999, placeholderLiftType, 10
511719999999, placeholderLiftType, 16
512119999999, placeholderLiftType, 6
512519999999, placeholderLiftType, 4
512919999999, placeholderLiftType, 4
513319999999, placeholderLiftType, 7
513719999999, placeholderLiftType, 7
514119999999, placeholderLiftType, 7
514519999999, placeholderLiftType, 7
514919999999, placeholderLiftType, 7
515319999999, placeholderLiftType, 6
515719999999, placeholderLiftType, 7
516119999999, placeholderLiftType, 5
516519999999, placeholderLiftType, 10
516919999999, placeholderLiftType, 11
517319999999, placeholderLiftType, 11
517719999999, placeholderLiftType, 11
518119999999, placeholderLiftType, 12
518519999999, placeholderLiftType, 12
518919999999, placeholderLiftType, 12
519319999999, placeholderLiftType, 11
519719999999, placeholderLiftType, 10
520119999999, placeholderLiftType, 8
520519999999, placeholderLiftType, 7
520919999999, placeholderLiftType, 6
521319999999, placeholderLiftType, 1
521719999999, placeholderLiftType, 19
522119999999, placeholderLiftType, 2
522519999999, placeholderLiftType, 2
522919999999, placeholderLiftType, 2
523319999999, placeholderLiftType, 2
523719999999, placeholderLiftType, 2
524119999999, placeholderLiftType, 2
524519999999, placeholderLiftType, 1
524919999999, placeholderLiftType, 4
525319999999, placeholderLiftType, 2
525719999999, placeholderLiftType, 4
526119999999, placeholderLiftType, 3
526519999999, placeholderLiftType, 3
526919999999, placeholderLiftType, 4
527319999999, placeholderLiftType, 4
527719999999, placeholderLiftType, 4
528119999999, placeholderLiftType, 7
528519999999, placeholderLiftType, 8
528919999999, placeholderLiftType, 4
529319999999, placeholderLiftType, 5
529719999999, placeholderLiftType, 2
530119999999, placeholderLiftType, 6
530519999999, placeholderLiftType, 7
530919999999, placeholderLiftType, 8
531319999999, placeholderLiftType, 11
531719999999, placeholderLiftType, 5
532119999999, placeholderLiftType, 4
532519999999, placeholderLiftType, 4
532919999999, placeholderLiftType, 4
533319999999, placeholderLiftType, 4
533719999999, placeholderLiftType, 5
534119999999, placeholderLiftType, 4
534519999999, placeholderLiftType, 5
534919999999, placeholderLiftType, 5
535319999999, placeholderLiftType, 6
535719999999, placeholderLiftType, 3
536119999999, placeholderLiftType, 3
536519999999, placeholderLiftType, 2
536919999999, placeholderLiftType, 2
537319999999, placeholderLiftType, 2
537719999999, placeholderLiftType, 2
538119999999, placeholderLiftType, 1
538519999999, placeholderLiftType, 1
538919999999, placeholderLiftType, 1
539319999999, placeholderLiftType, 2
539719999999, placeholderLiftType, 6
540119999999, placeholderLiftType, 2
540519999999, placeholderLiftType, 5
540919999999, placeholderLiftType, 11
541319999999, placeholderLiftType, 10
541719999999, placeholderLiftType, 9
542119999999, placeholderLiftType, 10
542519999999, placeholderLiftType, 11
542919999999, placeholderLiftType, 6
543319999999, placeholderLiftType, 6
543719999999, placeholderLiftType, 5
544119999999, placeholderLiftType, 5
544519999999, placeholderLiftType, 4
544919999999, placeholderLiftType, 3
545319999999, placeholderLiftType, 4
545719999999, placeholderLiftType, 4
546119999999, placeholderLiftType, 4
546519999999, placeholderLiftType, 3
546919999999, placeholderLiftType, 3
547319999999, placeholderLiftType, 5
547719999999, placeholderLiftType, 1
548119999999, placeholderLiftType, 1
548519999999, placeholderLiftType, 4
548919999999, placeholderLiftType, 5
549319999999, placeholderLiftType, 7
549719999999, placeholderLiftType, 10
550119999999, placeholderLiftType, 8
550519999999, placeholderLiftType, 1
550919999999, placeholderLiftType, 1
551319999999, placeholderLiftType, 1
551719999999, placeholderLiftType, 8
552119999999, placeholderLiftType, 6
552519999999, placeholderLiftType, 3
552919999999, placeholderLiftType, 4
553319999999, placeholderLiftType, 6
553719999999, placeholderLiftType, 4
554119999999, placeholderLiftType, 4
554519999999, placeholderLiftType, 3
554919999999, placeholderLiftType, 3
555319999999, placeholderLiftType, 3
555719999999, placeholderLiftType, 2
556119999999, placeholderLiftType, 5
556519999999, placeholderLiftType, 3
556919999999, placeholderLiftType, 3
557319999999, placeholderLiftType, 2
557719999999, placeholderLiftType, 4
558119999999, placeholderLiftType, 4
558519999999, placeholderLiftType, 4
558919999999, placeholderLiftType, 3
559319999999, placeholderLiftType, 2
559719999999, placeholderLiftType, 1
560119999999, placeholderLiftType, 2
560519999999, placeholderLiftType, 2
560919999999, placeholderLiftType, 2
561319999999, placeholderLiftType, 1
561719999999, placeholderLiftType, 1
562119999999, placeholderLiftType, 1
562519999999, placeholderLiftType, 1
562919999999, placeholderLiftType, 2
563319999999, placeholderLiftType, 3
563719999999, placeholderLiftType, 3
564119999999, placeholderLiftType, 3
564519999999, placeholderLiftType, 3
564919999999, placeholderLiftType, 2
565319999999, placeholderLiftType, 2
565719999999, placeholderLiftType, 5
566119999999, placeholderLiftType, 6
566519999999, placeholderLiftType, 4
566919999999, placeholderLiftType, 6
567319999999, placeholderLiftType, 7
567719999999, placeholderLiftType, 4
568119999999, placeholderLiftType, 6
568519999999, placeholderLiftType, 6
568919999999, placeholderLiftType, 2
569319999999, placeholderLiftType, 2
569719999999, placeholderLiftType, 1
570119999999, placeholderLiftType, 7
570519999999, placeholderLiftType, 1
570919999999, placeholderLiftType, 2
571319999999, placeholderLiftType, 2
571719999999, placeholderLiftType, 1
572119999999, placeholderLiftType, 1
572519999999, placeholderLiftType, 1
572919999999, placeholderLiftType, 1
573319999999, placeholderLiftType, 3
573719999999, placeholderLiftType, 3
574119999999, placeholderLiftType, 2
574519999999, placeholderLiftType, 2
574919999999, placeholderLiftType, 2
575319999999, placeholderLiftType, 2
575719999999, placeholderLiftType, 5
576119999999, placeholderLiftType, 5
576519999999, placeholderLiftType, 5
576919999999, placeholderLiftType, 5
577319999999, placeholderLiftType, 3
577719999999, placeholderLiftType, 3
578119999999, placeholderLiftType, 2
578519999999, placeholderLiftType, 1
578919999999, placeholderLiftType, 8
579319999999, placeholderLiftType, 8
579719999999, placeholderLiftType, 15
580119999999, placeholderLiftType, 15
580519999999, placeholderLiftType, 3
580919999999, placeholderLiftType, 2
581319999999, placeholderLiftType, 1
581719999999, placeholderLiftType, 2
582079999999, placeholderLiftType, 3
582479999999, placeholderLiftType, 2
582879999999, placeholderLiftType, 4
583279999999, placeholderLiftType, 3
583679999999, placeholderLiftType, 10
584079999999, placeholderLiftType, 5
584479999999, placeholderLiftType, 8
584879999999, placeholderLiftType, 3
585279999999, placeholderLiftType, 3
585679999999, placeholderLiftType, 2
586079999999, placeholderLiftType, 2
586479999999, placeholderLiftType, 4
586879999999, placeholderLiftType, 3
587279999999, placeholderLiftType, 2
587679999999, placeholderLiftType, 1
588079999999, placeholderLiftType, 2
588479999999, placeholderLiftType, 2
588879999999, placeholderLiftType, 2
589279999999, placeholderLiftType, 3
589679999999, placeholderLiftType, 2
590079999999, placeholderLiftType, 2
590479999999, placeholderLiftType, 4
590879999999, placeholderLiftType, 4
591279999999, placeholderLiftType, 3
591679999999, placeholderLiftType, 3
592079999999, placeholderLiftType, 3
592479999999, placeholderLiftType, 3
592879999999, placeholderLiftType, 3
593279999999, placeholderLiftType, 3
593679999999, placeholderLiftType, 3
594079999999, placeholderLiftType, 3
594479999999, placeholderLiftType, 1
594879999999, placeholderLiftType, 1
595279999999, placeholderLiftType, 1
595679999999, placeholderLiftType, 1
596079999999, placeholderLiftType, 3
596479999999, placeholderLiftType, 3
596839999999, placeholderLiftType, 3
597239999999, placeholderLiftType, 4
597639999999, placeholderLiftType, 1
598039999999, placeholderLiftType, 9
598439999999, placeholderLiftType, 12
598839999999, placeholderLiftType, 4
599199999999, placeholderLiftType, 10
599599999999, placeholderLiftType, 10
599999999999, placeholderLiftType, 10
600399999999, placeholderLiftType, 10
600799999999, placeholderLiftType, 9
601199999999, placeholderLiftType, 9
601599999999, placeholderLiftType, 8
601999999999, placeholderLiftType, 11
602399999999, placeholderLiftType, 11
602799999999, placeholderLiftType, 12
603199999999, placeholderLiftType, 10
603599999999, placeholderLiftType, 7
603999999999, placeholderLiftType, 14
604399999999, placeholderLiftType, 18
604799999999, placeholderLiftType, 19
605199999999, placeholderLiftType, 19
605599999999, placeholderLiftType, 20
605999999999, placeholderLiftType, 20
606399999999, placeholderLiftType, 21
606799999999, placeholderLiftType, 14
607199999999, placeholderLiftType, 15
607599999999, placeholderLiftType, 11
607999999999, placeholderLiftType, 11
608359999999, placeholderLiftType, 11
608759999999, placeholderLiftType, 11
609159999999, placeholderLiftType, 10
609559999999, placeholderLiftType, 9
609959999999, placeholderLiftType, 12
610359999999, placeholderLiftType, 13
610759999999, placeholderLiftType, 13
611119999999, placeholderLiftType, 14
611519999999, placeholderLiftType, 13
611919999999, placeholderLiftType, 10
612319999999, placeholderLiftType, 12
612719999999, placeholderLiftType, 9
613119999999, placeholderLiftType, 8
613519999999, placeholderLiftType, 9
613879999999, placeholderLiftType, 10
614279999999, placeholderLiftType, 10
614679999999, placeholderLiftType, 11
615079999999, placeholderLiftType, 9
615479999999, placeholderLiftType, 8
615839999999, placeholderLiftType, 11
616239999999, placeholderLiftType, 9
616639999999, placeholderLiftType, 9
617039999999, placeholderLiftType, 12
617439999999, placeholderLiftType, 2
617839999999, placeholderLiftType, 3
618239999999, placeholderLiftType, 4
618639999999, placeholderLiftType, 4
619039999999, placeholderLiftType, 5
619439999999, placeholderLiftType, 5
619839999999, placeholderLiftType, 9
620199999999, placeholderLiftType, 5
620559999999, placeholderLiftType, 6
620919999999, placeholderLiftType, 7
621279999999, placeholderLiftType, 6
621639999999, placeholderLiftType, 4
622039999999, placeholderLiftType, 4
622439999999, placeholderLiftType, 4
622839999999, placeholderLiftType, 3
623239999999, placeholderLiftType, 2
623639999999, placeholderLiftType, 4
624039999999, placeholderLiftType, 4
624439999999, placeholderLiftType, 3
624839999999, placeholderLiftType, 3
625239999999, placeholderLiftType, 2
625639999999, placeholderLiftType, 2
626039999999, placeholderLiftType, 9
626439999999, placeholderLiftType, 8
626839999999, placeholderLiftType, 11
627239999999, placeholderLiftType, 9
627639999999, placeholderLiftType, 6
628039999999, placeholderLiftType, 6
628439999999, placeholderLiftType, 4
628839999999, placeholderLiftType, 7
629239999999, placeholderLiftType, 3
629639999999, placeholderLiftType, 4
630039999999, placeholderLiftType, 5
630439999999, placeholderLiftType, 5
630839999999, placeholderLiftType, 2
631239999999, placeholderLiftType, 3
631639999999, placeholderLiftType, 2
632039999999, placeholderLiftType, 2
632439999999, placeholderLiftType, 2
632839999999, placeholderLiftType, 8
633239999999, placeholderLiftType, 3
633639999999, placeholderLiftType, 4
634039999999, placeholderLiftType, 3
634439999999, placeholderLiftType, 2
634839999999, placeholderLiftType, 2
635239999999, placeholderLiftType, 2
635639999999, placeholderLiftType, 2
636039999999, placeholderLiftType, 2
636439999999, placeholderLiftType, 2
636839999999, placeholderLiftType, 2
637239999999, placeholderLiftType, 2
637639999999, placeholderLiftType, 2
638039999999, placeholderLiftType, 4
638439999999, placeholderLiftType, 3
638839999999, placeholderLiftType, 4
639239999999, placeholderLiftType, 4
639639999999, placeholderLiftType, 4
640039999999, placeholderLiftType, 3
640439999999, placeholderLiftType, 5
640839999999, placeholderLiftType, 4
641239999999, placeholderLiftType, 4
641639999999, placeholderLiftType, 5
642039999999, placeholderLiftType, 4
642439999999, placeholderLiftType, 4
642839999999, placeholderLiftType, 5
643239999999, placeholderLiftType, 5
643599999999, placeholderLiftType, 4
643999999999, placeholderLiftType, 4
644399999999, placeholderLiftType, 4
644799999999, placeholderLiftType, 5
645199999999, placeholderLiftType, 4
645599999999, placeholderLiftType, 6
645999999999, placeholderLiftType, 5
646399999999, placeholderLiftType, 2
646799999999, placeholderLiftType, 2
647199999999, placeholderLiftType, 3
647599999999, placeholderLiftType, 1
647999999999, placeholderLiftType, 1
648399999999, placeholderLiftType, 3
648799999999, placeholderLiftType, 2
649199999999, placeholderLiftType, 3
649599999999, placeholderLiftType, 2
649999999999, placeholderLiftType, 2
650399999999, placeholderLiftType, 2
650799999999, placeholderLiftType, 3
651199999999, placeholderLiftType, 1
651599999999, placeholderLiftType, 2
651999999999, placeholderLiftType, 2
652399999999, placeholderLiftType, 2
652799999999, placeholderLiftType, 2
653199999999, placeholderLiftType, 2
653599999999, placeholderLiftType, 2
653999999999, placeholderLiftType, 2
654399999999, placeholderLiftType, 2
654799999999, placeholderLiftType, 2
655199999999, placeholderLiftType, 3
655599999999, placeholderLiftType, 3
655999999999, placeholderLiftType, 3
656399999999, placeholderLiftType, 2
656799999999, placeholderLiftType, 4
657199999999, placeholderLiftType, 5
657599999999, placeholderLiftType, 3
657999999999, placeholderLiftType, 4
658399999999, placeholderLiftType, 4
658799999999, placeholderLiftType, 2
659199999999, placeholderLiftType, 4
659599999999, placeholderLiftType, 4
659999999999, placeholderLiftType, 4
660399999999, placeholderLiftType, 4
660799999999, placeholderLiftType, 4
661199999999, placeholderLiftType, 4
661599999999, placeholderLiftType, 4
661999999999, placeholderLiftType, 4
662399999999, placeholderLiftType, 4
662799999999, placeholderLiftType, 5
663199999999, placeholderLiftType, 4
663599999999, placeholderLiftType, 6
663999999999, placeholderLiftType, 5
664399999999, placeholderLiftType, 6
664799999999, placeholderLiftType, 6
665199999999, placeholderLiftType, 7
665599999999, placeholderLiftType, 8
665999999999, placeholderLiftType, 8
666399999999, placeholderLiftType, 3
666799999999, placeholderLiftType, 3
667199999999, placeholderLiftType, 3
667599999999, placeholderLiftType, 2
667999999999, placeholderLiftType, 3
668399999999, placeholderLiftType, 2
668799999999, placeholderLiftType, 2
669199999999, placeholderLiftType, 2
669599999999, placeholderLiftType, 1
669959999999, placeholderLiftType, 1
670279999999, placeholderLiftType, 4
670679999999, placeholderLiftType, 4
671039999999, placeholderLiftType, 8
671439999999, placeholderLiftType, 2
671839999999, placeholderLiftType, 2
672239999999, placeholderLiftType, 2
672639999999, placeholderLiftType, 2
672999999999, placeholderLiftType, 4
673399999999, placeholderLiftType, 8
673799999999, placeholderLiftType, 9
674199999999, placeholderLiftType, 8
674599999999, placeholderLiftType, 8
674999999999, placeholderLiftType, 6
675399999999, placeholderLiftType, 3
675799999999, placeholderLiftType, 4
676199999999, placeholderLiftType, 4
676599999999, placeholderLiftType, 5
676999999999, placeholderLiftType, 4
677399999999, placeholderLiftType, 4
677799999999, placeholderLiftType, 5
678199999999, placeholderLiftType, 4
678599999999, placeholderLiftType, 4
678999999999, placeholderLiftType, 4
679399999999, placeholderLiftType, 4
679799999999, placeholderLiftType, 4
680199999999, placeholderLiftType, 5
680599999999, placeholderLiftType, 4
680999999999, placeholderLiftType, 4
681399999999, placeholderLiftType, 5
681799999999, placeholderLiftType, 5
682199999999, placeholderLiftType, 8
682599999999, placeholderLiftType, 8
682999999999, placeholderLiftType, 8
683399999999, placeholderLiftType, 8
683799999999, placeholderLiftType, 8
684199999999, placeholderLiftType, 8
684599999999, placeholderLiftType, 8
684999999999, placeholderLiftType, 5
685399999999, placeholderLiftType, 4
685799999999, placeholderLiftType, 4
686199999999, placeholderLiftType, 5
