79999999, placeholderLiftType, 4
479999999, placeholderLiftType, 4
879999999, placeholderLiftType, 6
1279999999, placeholderLiftType, 5
1679999999, placeholderLiftType, 7
2079999999, placeholderLiftType, 3
2479999999, placeholderLiftType, 3
2879999999, placeholderLiftType, 3
3279999999, placeholderLiftType, 8
3679999999, placeholderLiftType, 1
4079999999, placeholderLiftType, 1
4479999999, placeholderLiftType, 1
4879999999, placeholderLiftType, 1
5279999999, placeholderLiftType, 2
5679999999, placeholderLiftType, 2
6039999999, placeholderLiftType, 2
6399999999, placeholderLiftType, 3
6799999999, placeholderLiftType, 15
7199999999, placeholderLiftType, 16
7599999999, placeholderLiftType, 16
7999999999, placeholderLiftType, 16
8399999999, placeholderLiftType, 17
8799999999, placeholderLiftType, 17
9199999999, placeholderLiftType, 18
9599999999, placeholderLiftType, 19
9999999999, placeholderLiftType, 18
10399999999, placeholderLiftType, 17
10799999999, placeholderLiftType, 19
11199999999, placeholderLiftType, 20
11599999999, placeholderLiftType, 14
11999999999, placeholderLiftType, 10
12399999999, placeholderLiftType, 0
12799999999, placeholderLiftType, 0
13199999999, placeholderLiftType, 0
13599999999, placeholderLiftType, 0
13999999999, placeholderLiftType, 7
14399999999, placeholderLiftType, 2
14799999999, placeholderLiftType, 1
15159999999, placeholderLiftType, 2
15559999999, placeholderLiftType, 3
15959999999, placeholderLiftType, 3
16359999999, placeholderLiftType, 2
16759999999, placeholderLiftType, 2
17159999999, placeholderLiftType, 2
17559999999, placeholderLiftType, 3
17959999999, placeholderLiftType, 3
18359999999, placeholderLiftType, 2
18759999999, placeholderLiftType, 2
19159999999, placeholderLiftType, 2
19559999999, placeholderLiftType, 3
19959999999, placeholderLiftType, 3
20359999999, placeholderLiftType, 2
20759999999, placeholderLiftType, 2
21159999999, placeholderLiftType, 2
21559999999, placeholderLiftType, 3
21959999999, placeholderLiftType, 3
22359999999, placeholderLiftType, 3
22759999999, placeholderLiftType, 2
23159999999, placeholderLiftType, 2
23559999999, placeholderLiftType, 3
23959999999, placeholderLiftType, 3
24359999999, placeholderLiftType, 2
24759999999, placeholderLiftType, 2
25159999999, placeholderLiftType, 2
25559999999, placeholderLiftType, 3
25959999999, placeholderLiftType, 3
26359999999, placeholderLiftType, 2
26759999999, placeholderLiftType, 2
27159999999, placeholderLiftType, 2
27559999999, placeholderLiftType, 3
27959999999, placeholderLiftType, 3
28359999999, placeholderLiftType, 2
28759999999, placeholderLiftType, 2
29159999999, placeholderLiftType, 3
29559999999, placeholderLiftType, 3
29959999999, placeholderLiftType, 3
30359999999, placeholderLiftType, 2
30759999999, placeholderLiftType, 2
31159999999, placeholderLiftType, 2
31559999999, placeholderLiftType, 3
31959999999, placeholderLiftType, 3
32359999999, placeholderLiftType, 2
32759999999, placeholderLiftType, 2
33159999999, placeholderLiftType, 2
33559999999, placeholderLiftType, 2
33959999999, placeholderLiftType, 1
34359999999, placeholderLiftType, 2
34759999999, placeholderLiftType, 2
35159999999, placeholderLiftType, 2
35559999999, placeholderLiftType, 2
35959999999, placeholderLiftType, 2
36359999999, placeholderLiftType, 2
36759999999, placeholderLiftType, 2
37159999999, placeholderLiftType, 0
37559999999, placeholderLiftType, 0
37959999999, placeholderLiftType, 7
38359999999, placeholderLiftType, 3
38759999999, placeholderLiftType, 6
39159999999, placeholderLiftType, 3
39559999999, placeholderLiftType, 6
39919999999, placeholderLiftType, 10
40319999999, placeholderLiftType, 5
40719999999, placeholderLiftType, 6
41119999999, placeholderLiftType, 2
41519999999, placeholderLiftType, 11
41919999999, placeholderLiftType, 9
42319999999, placeholderLiftType, 9
42719999999, placeholderLiftType, 7
43119999999, placeholderLiftType, 8
43519999999, placeholderLiftType, 8
43919999999, placeholderLiftType, 8
44319999999, placeholderLiftType, 8
44719999999, placeholderLiftType, 7
45119999999, placeholderLiftType, 10
45519999999, placeholderLiftType, 8
45919999999, placeholderLiftType, 8
46319999999, placeholderLiftType, 9
46719999999, placeholderLiftType, 11
47119999999, placeholderLiftType, 7
47519999999, placeholderLiftType, 6
47919999999, placeholderLiftType, 15
48319999999, placeholderLiftType, 11
48679999999, placeholderLiftType, 12
49079999999, placeholderLiftType, 20
49479999999, placeholderLiftType, 19
49879999999, placeholderLiftType, 18
50279999999, placeholderLiftType, 19
50679999999, placeholderLiftType, 20
51079999999, placeholderLiftType, 21
51479999999, placeholderLiftType, 17
51879999999, placeholderLiftType, 17
52279999999, placeholderLiftType, 17
52679999999, placeholderLiftType, 18
53079999999, placeholderLiftType, 6
53479999999, placeholderLiftType, 11
53879999999, placeholderLiftType, 7
54279999999, placeholderLiftType, 5
54679999999, placeholderLiftType, 8
55079999999, placeholderLiftType, 7
55479999999, placeholderLiftType, 8
55879999999, placeholderLiftType, 5
56279999999, placeholderLiftType, 4
56639999999, placeholderLiftType, 2
57039999999, placeholderLiftType, 2
57399999999, placeholderLiftType, 11
57799999999, placeholderLiftType, 18
58199999999, placeholderLiftType, 17
58599999999, placeholderLiftType, 16
58959999999, placeholderLiftType, 17
59359999999, placeholderLiftType, 17
59759999999, placeholderLiftType, 17
60159999999, placeholderLiftType, 16
60559999999, placeholderLiftType, 16
60959999999, placeholderLiftType, 17
61359999999, placeholderLiftType, 18
61719999999, placeholderLiftType, 21
62119999999, placeholderLiftType, 20
62519999999, placeholderLiftType, 15
62919999999, placeholderLiftType, 17
63319999999, placeholderLiftType, 16
63719999999, placeholderLiftType, 17
64119999999, placeholderLiftType, 17
64519999999, placeholderLiftType, 13
64919999999, placeholderLiftType, 13
65319999999, placeholderLiftType, 12
65719999999, placeholderLiftType, 11
66119999999, placeholderLiftType, 8
66519999999, placeholderLiftType, 9
66919999999, placeholderLiftType, 8
67319999999, placeholderLiftType, 10
67719999999, placeholderLiftType, 8
68119999999, placeholderLiftType, 9
68519999999, placeholderLiftType, 4
68919999999, placeholderLiftType, 2
69319999999, placeholderLiftType, 1
69719999999, placeholderLiftType, 1
70119999999, placeholderLiftType, 1
70519999999, placeholderLiftType, 1
70919999999, placeholderLiftType, 5
71319999999, placeholderLiftType, 8
71719999999, placeholderLiftType, 10
72119999999, placeholderLiftType, 15
72519999999, placeholderLiftType, 11
72919999999, placeholderLiftType, 12
73319999999, placeholderLiftType, 10
73719999999, placeholderLiftType, 13
74119999999, placeholderLiftType, 12
74519999999, placeholderLiftType, 12
74919999999, placeholderLiftType, 6
75319999999, placeholderLiftType, 12
75719999999, placeholderLiftType, 6
76119999999, placeholderLiftType, 4
76519999999, placeholderLiftType, 2
76919999999, placeholderLiftType, 4
77319999999, placeholderLiftType, 1
77719999999, placeholderLiftType, 6
78119999999, placeholderLiftType, 0
78519999999, placeholderLiftType, 1
78879999999, placeholderLiftType, 15
79279999999, placeholderLiftType, 2
79679999999, placeholderLiftType, 3
80079999999, placeholderLiftType, 1
80479999999, placeholderLiftType, 1
80879999999, placeholderLiftType, 2
81279999999, placeholderLiftType, 2
81679999999, placeholderLiftType, 4
82079999999, placeholderLiftType, 0
82479999999, placeholderLiftType, 0
82879999999, placeholderLiftType, 0
83279999999, placeholderLiftType, 0
83679999999, placeholderLiftType, 10
84079999999, placeholderLiftType, 8
84479999999, placeholderLiftType, 6
84879999999, placeholderLiftType, 3
85279999999, placeholderLiftType, 4
85679999999, placeholderLiftType, 5
86079999999, placeholderLiftType, 3
86479999999, placeholderLiftType, 4
86879999999, placeholderLiftType, 0
87279999999, placeholderLiftType, 0
87639999999, placeholderLiftType, 0
88039999999, placeholderLiftType, 0
88439999999, placeholderLiftType, 2
88839999999, placeholderLiftType, 2
89239999999, placeholderLiftType, 2
89639999999, placeholderLiftType, 2
90039999999, placeholderLiftType, 3
90439999999, placeholderLiftType, 3
90839999999, placeholderLiftType, 3
91239999999, placeholderLiftType, 2
91639999999, placeholderLiftType, 2
92039999999, placeholderLiftType, 3
92439999999, placeholderLiftType, 3
92839999999, placeholderLiftType, 3
93239999999, placeholderLiftType, 2
93639999999, placeholderLiftType, 3
94039999999, placeholderLiftType, 3
94439999999, placeholderLiftType, 3
94839999999, placeholderLiftType, 2
95239999999, placeholderLiftType, 2
95639999999, placeholderLiftType, 2
96039999999, placeholderLiftType, 3
96439999999, placeholderLiftType, 3
96839999999, placeholderLiftType, 2
97199999999, placeholderLiftType, 2
97559999999, placeholderLiftType, 2
97959999999, placeholderLiftType, 3
98359999999, placeholderLiftType, 3
98719999999, placeholderLiftType, 2
99119999999, placeholderLiftType, 2
99519999999, placeholderLiftType, 3
99919999999, placeholderLiftType, 3
100319999999, placeholderLiftType, 3
100719999999, placeholderLiftType, 2
101119999999, placeholderLiftType, 2
101519999999, placeholderLiftType, 3
101919999999, placeholderLiftType, 3
102319999999, placeholderLiftType, 3
102719999999, placeholderLiftType, 2
103119999999, placeholderLiftType, 2
103519999999, placeholderLiftType, 3
103919999999, placeholderLiftType, 3
104319999999, placeholderLiftType, 2
104719999999, placeholderLiftType, 2
105119999999, placeholderLiftType, 3
105519999999, placeholderLiftType, 3
105919999999, placeholderLiftType, 2
106319999999, placeholderLiftType, 2
106719999999, placeholderLiftType, 0
107119999999, placeholderLiftType, 0
107519999999, placeholderLiftType, 0
107919999999, placeholderLiftType, 0
108319999999, placeholderLiftType, 1
108719999999, placeholderLiftType, 2
109119999999, placeholderLiftType, 2
109519999999, placeholderLiftType, 2
109919999999, placeholderLiftType, 2
110319999999, placeholderLiftType, 3
110719999999, placeholderLiftType, 5
111119999999, placeholderLiftType, 3
111519999999, placeholderLiftType, 2
111919999999, placeholderLiftType, 9
112319999999, placeholderLiftType, 2
112719999999, placeholderLiftType, 3
113119999999, placeholderLiftType, 3
113519999999, placeholderLiftType, 3
113919999999, placeholderLiftType, 3
114319999999, placeholderLiftType, 3
114719999999, placeholderLiftType, 8
115119999999, placeholderLiftType, 8
115519999999, placeholderLiftType, 11
115919999999, placeholderLiftType, 19
116319999999, placeholderLiftType, 19
116719999999, placeholderLiftType, 20
117119999999, placeholderLiftType, 20
117519999999, placeholderLiftType, 19
117919999999, placeholderLiftType, 18
118319999999, placeholderLiftType, 4
118719999999, placeholderLiftType, 1
119119999999, placeholderLiftType, 5
119519999999, placeholderLiftType, 4
119919999999, placeholderLiftType, 8
120319999999, placeholderLiftType, 9
120719999999, placeholderLiftType, 9
121119999999, placeholderLiftType, 8
121519999999, placeholderLiftType, 7
121919999999, placeholderLiftType, 9
122319999999, placeholderLiftType, 10
122719999999, placeholderLiftType, 10
123119999999, placeholderLiftType, 7
123519999999, placeholderLiftType, 4
123919999999, placeholderLiftType, 5
124279999999, placeholderLiftType, 12
124679999999, placeholderLiftType, 11
125079999999, placeholderLiftType, 12
125479999999, placeholderLiftType, 12
125879999999, placeholderLiftType, 4
126279999999, placeholderLiftType, 13
126679999999, placeholderLiftType, 1
127039999999, placeholderLiftType, 5
127439999999, placeholderLiftType, 7
127839999999, placeholderLiftType, 2
128239999999, placeholderLiftType, 2
128639999999, placeholderLiftType, 2
129039999999, placeholderLiftType, 3
129439999999, placeholderLiftType, 2
129839999999, placeholderLiftType, 4
130239999999, placeholderLiftType, 1
130639999999, placeholderLiftType, 1
131039999999, placeholderLiftType, 2
131439999999, placeholderLiftType, 2
131799999999, placeholderLiftType, 2
132199999999, placeholderLiftType, 7
132599999999, placeholderLiftType, 6
132999999999, placeholderLiftType, 15
133399999999, placeholderLiftType, 15
133799999999, placeholderLiftType, 16
134199999999, placeholderLiftType, 17
134599999999, placeholderLiftType, 16
134999999999, placeholderLiftType, 13
135399999999, placeholderLiftType, 8
135759999999, placeholderLiftType, 11
136159999999, placeholderLiftType, 13
136559999999, placeholderLiftType, 20
136959999999, placeholderLiftType, 20
137359999999, placeholderLiftType, 19
137759999999, placeholderLiftType, 21
138119999999, placeholderLiftType, 21
138519999999, placeholderLiftType, 9
138879999999, placeholderLiftType, 8
139199999999, placeholderLiftType, 6
139479999999, placeholderLiftType, 3
139879999999, placeholderLiftType, 8
140239999999, placeholderLiftType, 7
140639999999, placeholderLiftType, 11
141039999999, placeholderLiftType, 6
141399999999, placeholderLiftType, 17
141759999999, placeholderLiftType, 6
142159999999, placeholderLiftType, 10
142559999999, placeholderLiftType, 14
142959999999, placeholderLiftType, 4
143359999999, placeholderLiftType, 13
143759999999, placeholderLiftType, 1
144159999999, placeholderLiftType, 2
144559999999, placeholderLiftType, 9
144959999999, placeholderLiftType, 5
145359999999, placeholderLiftType, 7
145759999999, placeholderLiftType, 12
146159999999, placeholderLiftType, 11
146559999999, placeholderLiftType, 5
146919999999, placeholderLiftType, 6
147319999999, placeholderLiftType, 7
147719999999, placeholderLiftType, 9
148119999999, placeholderLiftType, 19
148479999999, placeholderLiftType, 20
148879999999, placeholderLiftType, 21
149279999999, placeholderLiftType, 22
149679999999, placeholderLiftType, 20
150079999999, placeholderLiftType, 20
150479999999, placeholderLiftType, 20
150879999999, placeholderLiftType, 19
151279999999, placeholderLiftType, 20
151679999999, placeholderLiftType, 20
152079999999, placeholderLiftType, 21
152479999999, placeholderLiftType, 20
152879999999, placeholderLiftType, 21
153279999999, placeholderLiftType, 21
153679999999, placeholderLiftType, 20
154039999999, placeholderLiftType, 20
154439999999, placeholderLiftType, 21
154839999999, placeholderLiftType, 21
155239999999, placeholderLiftType, 20
155639999999, placeholderLiftType, 20
156039999999, placeholderLiftType, 20
156439999999, placeholderLiftType, 19
156839999999, placeholderLiftType, 20
157239999999, placeholderLiftType, 19
157599999999, placeholderLiftType, 19
157999999999, placeholderLiftType, 19
158399999999, placeholderLiftType, 20
158799999999, placeholderLiftType, 19
159199999999, placeholderLiftType, 19
159599999999, placeholderLiftType, 18
159999999999, placeholderLiftType, 17
160399999999, placeholderLiftType, 12
160799999999, placeholderLiftType, 10
161199999999, placeholderLiftType, 4
161599999999, placeholderLiftType, 2
161959999999, placeholderLiftType, 2
162359999999, placeholderLiftType, 2
162759999999, placeholderLiftType, 3
163119999999, placeholderLiftType, 3
163519999999, placeholderLiftType, 2
163919999999, placeholderLiftType, 2
164319999999, placeholderLiftType, 11
164719999999, placeholderLiftType, 11
165119999999, placeholderLiftType, 19
165519999999, placeholderLiftType, 21
165919999999, placeholderLiftType, 21
166319999999, placeholderLiftType, 20
166719999999, placeholderLiftType, 20
167119999999, placeholderLiftType, 21
167519999999, placeholderLiftType, 20
167919999999, placeholderLiftType, 16
168279999999, placeholderLiftType, 16
168679999999, placeholderLiftType, 9
169079999999, placeholderLiftType, 18
169479999999, placeholderLiftType, 6
169879999999, placeholderLiftType, 10
170279999999, placeholderLiftType, 8
170679999999, placeholderLiftType, 10
171079999999, placeholderLiftType, 6
171479999999, placeholderLiftType, 7
171879999999, placeholderLiftType, 7
172279999999, placeholderLiftType, 7
172679999999, placeholderLiftType, 9
173079999999, placeholderLiftType, 2
173479999999, placeholderLiftType, 5
173839999999, placeholderLiftType, 15
174239999999, placeholderLiftType, 10
174639999999, placeholderLiftType, 7
175039999999, placeholderLiftType, 1
175439999999, placeholderLiftType, 5
175839999999, placeholderLiftType, 7
176239999999, placeholderLiftType, 12
176639999999, placeholderLiftType, 10
177039999999, placeholderLiftType, 8
177439999999, placeholderLiftType, 1
177839999999, placeholderLiftType, 3
178239999999, placeholderLiftType, 8
178639999999, placeholderLiftType, 1
179039999999, placeholderLiftType, 1
179439999999, placeholderLiftType, 1
179839999999, placeholderLiftType, 1
180239999999, placeholderLiftType, 1
180639999999, placeholderLiftType, 2
181039999999, placeholderLiftType, 2
181439999999, placeholderLiftType, 3
181839999999, placeholderLiftType, 6
182239999999, placeholderLiftType, 6
182639999999, placeholderLiftType, 3
183039999999, placeholderLiftType, 7
183439999999, placeholderLiftType, 0
183839999999, placeholderLiftType, 0
184239999999, placeholderLiftType, 0
184639999999, placeholderLiftType, 0
185039999999, placeholderLiftType, 1
185439999999, placeholderLiftType, 2
185839999999, placeholderLiftType, 2
186239999999, placeholderLiftType, 2
186599999999, placeholderLiftType, 2
186999999999, placeholderLiftType, 2
187399999999, placeholderLiftType, 3
187799999999, placeholderLiftType, 3
188199999999, placeholderLiftType, 2
188599999999, placeholderLiftType, 2
188999999999, placeholderLiftType, 3
189399999999, placeholderLiftType, 3
189799999999, placeholderLiftType, 3
190199999999, placeholderLiftType, 2
190599999999, placeholderLiftType, 2
190999999999, placeholderLiftType, 3
191399999999, placeholderLiftType, 3
191799999999, placeholderLiftType, 3
192199999999, placeholderLiftType, 2
192599999999, placeholderLiftType, 2
192999999999, placeholderLiftType, 3
193399999999, placeholderLiftType, 3
193799999999, placeholderLiftType, 2
194199999999, placeholderLiftType, 2
194599999999, placeholderLiftType, 2
194999999999, placeholderLiftType, 3
195399999999, placeholderLiftType, 3
195799999999, placeholderLiftType, 2
196199999999, placeholderLiftType, 2
196599999999, placeholderLiftType, 2
196999999999, placeholderLiftType, 3
197399999999, placeholderLiftType, 3
197799999999, placeholderLiftType, 2
198199999999, placeholderLiftType, 2
198559999999, placeholderLiftType, 2
198919999999, placeholderLiftType, 3
199239999999, placeholderLiftType, 3
199639999999, placeholderLiftType, 3
199999999999, placeholderLiftType, 2
200399999999, placeholderLiftType, 2
200799999999, placeholderLiftType, 2
201199999999, placeholderLiftType, 3
201599999999, placeholderLiftType, 3
201999999999, placeholderLiftType, 2
202399999999, placeholderLiftType, 2
202799999999, placeholderLiftType, 2
203199999999, placeholderLiftType, 2
203599999999, placeholderLiftType, 3
203999999999, placeholderLiftType, 1
204399999999, placeholderLiftType, 2
204799999999, placeholderLiftType, 2
205199999999, placeholderLiftType, 1
205599999999, placeholderLiftType, 1
205999999999, placeholderLiftType, 5
206359999999, placeholderLiftType, 1
206759999999, placeholderLiftType, 9
207159999999, placeholderLiftType, 2
207559999999, placeholderLiftType, 2
207959999999, placeholderLiftType, 0
208359999999, placeholderLiftType, 7
208719999999, placeholderLiftType, 7
209039999999, placeholderLiftType, 6
209439999999, placeholderLiftType, 3
209839999999, placeholderLiftType, 3
210239999999, placeholderLiftType, 2
210639999999, placeholderLiftType, 4
211039999999, placeholderLiftType, 3
211439999999, placeholderLiftType, 4
211839999999, placeholderLiftType, 3
212239999999, placeholderLiftType, 4
212599999999, placeholderLiftType, 3
212999999999, placeholderLiftType, 4
213399999999, placeholderLiftType, 6
213799999999, placeholderLiftType, 7
214199999999, placeholderLiftType, 6
214599999999, placeholderLiftType, 9
214999999999, placeholderLiftType, 8
215359999999, placeholderLiftType, 12
215759999999, placeholderLiftType, 14
216159999999, placeholderLiftType, 7
216559999999, placeholderLiftType, 18
216959999999, placeholderLiftType, 5
217359999999, placeholderLiftType, 2
217719999999, placeholderLiftType, 3
218119999999, placeholderLiftType, 3
218479999999, placeholderLiftType, 6
218839999999, placeholderLiftType, 7
219159999999, placeholderLiftType, 1
219559999999, placeholderLiftType, 3
219919999999, placeholderLiftType, 4
220319999999, placeholderLiftType, 4
220719999999, placeholderLiftType, 2
221079999999, placeholderLiftType, 3
221479999999, placeholderLiftType, 2
221879999999, placeholderLiftType, 2
222279999999, placeholderLiftType, 2
222679999999, placeholderLiftType, 2
223079999999, placeholderLiftType, 5
223479999999, placeholderLiftType, 8
223879999999, placeholderLiftType, 12
224279999999, placeholderLiftType, 11
224679999999, placeholderLiftType, 13
225079999999, placeholderLiftType, 13
225479999999, placeholderLiftType, 11
225879999999, placeholderLiftType, 10
226279999999, placeholderLiftType, 11
226679999999, placeholderLiftType, 11
227079999999, placeholderLiftType, 12
227479999999, placeholderLiftType, 14
227879999999, placeholderLiftType, 5
228279999999, placeholderLiftType, 8
228639999999, placeholderLiftType, 8
229039999999, placeholderLiftType, 3
229439999999, placeholderLiftType, 3
229839999999, placeholderLiftType, 7
230239999999, placeholderLiftType, 6
230639999999, placeholderLiftType, 7
231039999999, placeholderLiftType, 11
231439999999, placeholderLiftType, 13
231839999999, placeholderLiftType, 19
232239999999, placeholderLiftType, 21
232599999999, placeholderLiftType, 22
232999999999, placeholderLiftType, 22
233399999999, placeholderLiftType, 21
233799999999, placeholderLiftType, 21
234199999999, placeholderLiftType, 21
234599999999, placeholderLiftType, 22
234959999999, placeholderLiftType, 22
235359999999, placeholderLiftType, 20
235759999999, placeholderLiftType, 16
236159999999, placeholderLiftType, 6
236559999999, placeholderLiftType, 16
236959999999, placeholderLiftType, 15
237359999999, placeholderLiftType, 7
237759999999, placeholderLiftType, 3
238159999999, placeholderLiftType, 10
238559999999, placeholderLiftType, 7
238959999999, placeholderLiftType, 5
239359999999, placeholderLiftType, 4
239759999999, placeholderLiftType, 5
240159999999, placeholderLiftType, 5
240559999999, placeholderLiftType, 5
240959999999, placeholderLiftType, 5
241319999999, placeholderLiftType, 5
241719999999, placeholderLiftType, 6
242119999999, placeholderLiftType, 5
242519999999, placeholderLiftType, 5
242919999999, placeholderLiftType, 8
243319999999, placeholderLiftType, 11
243719999999, placeholderLiftType, 11
244119999999, placeholderLiftType, 13
244519999999, placeholderLiftType, 11
244919999999, placeholderLiftType, 13
245319999999, placeholderLiftType, 5
245719999999, placeholderLiftType, 8
246119999999, placeholderLiftType, 5
246519999999, placeholderLiftType, 5
246919999999, placeholderLiftType, 3
247319999999, placeholderLiftType, 2
247679999999, placeholderLiftType, 2
248079999999, placeholderLiftType, 2
248439999999, placeholderLiftType, 2
248799999999, placeholderLiftType, 2
249159999999, placeholderLiftType, 4
249559999999, placeholderLiftType, 3
249959999999, placeholderLiftType, 3
250359999999, placeholderLiftType, 2
250759999999, placeholderLiftType, 2
251159999999, placeholderLiftType, 2
251559999999, placeholderLiftType, 2
251959999999, placeholderLiftType, 5
252359999999, placeholderLiftType, 9
252759999999, placeholderLiftType, 14
253159999999, placeholderLiftType, 12
253559999999, placeholderLiftType, 13
253959999999, placeholderLiftType, 13
254319999999, placeholderLiftType, 13
254719999999, placeholderLiftType, 13
255119999999, placeholderLiftType, 12
255519999999, placeholderLiftType, 13
255919999999, placeholderLiftType, 12
256319999999, placeholderLiftType, 12
256719999999, placeholderLiftType, 13
257119999999, placeholderLiftType, 8
257479999999, placeholderLiftType, 12
257879999999, placeholderLiftType, 14
258279999999, placeholderLiftType, 8
258679999999, placeholderLiftType, 5
259079999999, placeholderLiftType, 8
259479999999, placeholderLiftType, 13
259879999999, placeholderLiftType, 16
260279999999, placeholderLiftType, 15
260679999999, placeholderLiftType, 15
261079999999, placeholderLiftType, 17
261479999999, placeholderLiftType, 19
261879999999, placeholderLiftType, 16
262279999999, placeholderLiftType, 11
262679999999, placeholderLiftType, 10
263079999999, placeholderLiftType, 9
263479999999, placeholderLiftType, 5
263879999999, placeholderLiftType, 3
264279999999, placeholderLiftType, 16
264679999999, placeholderLiftType, 14
265079999999, placeholderLiftType, 1
265479999999, placeholderLiftType, 1
265879999999, placeholderLiftType, 1
266279999999, placeholderLiftType, 2
266679999999, placeholderLiftType, 3
267079999999, placeholderLiftType, 4
267479999999, placeholderLiftType, 17
267879999999, placeholderLiftType, 17
268239999999, placeholderLiftType, 3
268599999999, placeholderLiftType, 4
268999999999, placeholderLiftType, 5
269399999999, placeholderLiftType, 9
269799999999, placeholderLiftType, 10
270199999999, placeholderLiftType, 15
270599999999, placeholderLiftType, 20
270959999999, placeholderLiftType, 19
271359999999, placeholderLiftType, 21
271759999999, placeholderLiftType, 21
272159999999, placeholderLiftType, 17
272559999999, placeholderLiftType, 17
272959999999, placeholderLiftType, 12
273359999999, placeholderLiftType, 8
273759999999, placeholderLiftType, 10
274159999999, placeholderLiftType, 15
274559999999, placeholderLiftType, 4
274959999999, placeholderLiftType, 8
275359999999, placeholderLiftType, 12
275719999999, placeholderLiftType, 13
276119999999, placeholderLiftType, 12
276519999999, placeholderLiftType, 13
276919999999, placeholderLiftType, 18
277319999999, placeholderLiftType, 14
277719999999, placeholderLiftType, 10
278119999999, placeholderLiftType, 6
278519999999, placeholderLiftType, 4
278919999999, placeholderLiftType, 7
279319999999, placeholderLiftType, 6
279719999999, placeholderLiftType, 3
280079999999, placeholderLiftType, 4
280479999999, placeholderLiftType, 8
280879999999, placeholderLiftType, 10
281279999999, placeholderLiftType, 6
281679999999, placeholderLiftType, 3
282079999999, placeholderLiftType, 10
282479999999, placeholderLiftType, 9
282879999999, placeholderLiftType, 3
283279999999, placeholderLiftType, 6
283679999999, placeholderLiftType, 3
284079999999, placeholderLiftType, 4
284479999999, placeholderLiftType, 3
284879999999, placeholderLiftType, 2
285279999999, placeholderLiftType, 4
285679999999, placeholderLiftType, 4
286079999999, placeholderLiftType, 3
286479999999, placeholderLiftType, 1
286879999999, placeholderLiftType, 1
287279999999, placeholderLiftType, 1
287679999999, placeholderLiftType, 1
288079999999, placeholderLiftType, 1
288479999999, placeholderLiftType, 1
288879999999, placeholderLiftType, 2
289279999999, placeholderLiftType, 2
289679999999, placeholderLiftType, 2
290079999999, placeholderLiftType, 3
290479999999, placeholderLiftType, 7
290879999999, placeholderLiftType, 7
291279999999, placeholderLiftType, 4
291679999999, placeholderLiftType, 7
292079999999, placeholderLiftType, 5
292479999999, placeholderLiftType, 1
292879999999, placeholderLiftType, 2
293279999999, placeholderLiftType, 1
293679999999, placeholderLiftType, 1
294079999999, placeholderLiftType, 2
294479999999, placeholderLiftType, 2
294879999999, placeholderLiftType, 2
295279999999, placeholderLiftType, 2
295679999999, placeholderLiftType, 3
296079999999, placeholderLiftType, 3
296479999999, placeholderLiftType, 2
296879999999, placeholderLiftType, 2
297279999999, placeholderLiftType, 2
297679999999, placeholderLiftType, 3
298079999999, placeholderLiftType, 3
298479999999, placeholderLiftType, 3
298879999999, placeholderLiftType, 2
299279999999, placeholderLiftType, 2
299679999999, placeholderLiftType, 3
300079999999, placeholderLiftType, 3
300479999999, placeholderLiftType, 2
300879999999, placeholderLiftType, 2
301279999999, placeholderLiftType, 2
301679999999, placeholderLiftType, 3
302079999999, placeholderLiftType, 3
302479999999, placeholderLiftType, 2
302879999999, placeholderLiftType, 2
303279999999, placeholderLiftType, 2
303679999999, placeholderLiftType, 3
304079999999, placeholderLiftType, 3
304479999999, placeholderLiftType, 2
304879999999, placeholderLiftType, 2
305279999999, placeholderLiftType, 2
305679999999, placeholderLiftType, 3
306079999999, placeholderLiftType, 3
306479999999, placeholderLiftType, 2
306879999999, placeholderLiftType, 2
307279999999, placeholderLiftType, 2
307679999999, placeholderLiftType, 3
308039999999, placeholderLiftType, 3
308399999999, placeholderLiftType, 2
308799999999, placeholderLiftType, 0
309159999999, placeholderLiftType, 0
309519999999, placeholderLiftType, 3
309879999999, placeholderLiftType, 4
310279999999, placeholderLiftType, 6
310679999999, placeholderLiftType, 7
311079999999, placeholderLiftType, 9
311479999999, placeholderLiftType, 8
311879999999, placeholderLiftType, 8
312279999999, placeholderLiftType, 8
312679999999, placeholderLiftType, 6
313079999999, placeholderLiftType, 13
313479999999, placeholderLiftType, 0
313879999999, placeholderLiftType, 20
314279999999, placeholderLiftType, 1
314679999999, placeholderLiftType, 1
315079999999, placeholderLiftType, 1
315479999999, placeholderLiftType, 1
315879999999, placeholderLiftType, 2
316279999999, placeholderLiftType, 4
316679999999, placeholderLiftType, 4
317079999999, placeholderLiftType, 4
317479999999, placeholderLiftType, 3
317879999999, placeholderLiftType, 3
318279999999, placeholderLiftType, 3
318679999999, placeholderLiftType, 5
319079999999, placeholderLiftType, 2
319479999999, placeholderLiftType, 2
319879999999, placeholderLiftType, 3
320279999999, placeholderLiftType, 3
320679999999, placeholderLiftType, 1
321079999999, placeholderLiftType, 9
321479999999, placeholderLiftType, 8
321879999999, placeholderLiftType, 2
322279999999, placeholderLiftType, 2
322679999999, placeholderLiftType, 1
323079999999, placeholderLiftType, 6
323479999999, placeholderLiftType, 7
323879999999, placeholderLiftType, 9
324279999999, placeholderLiftType, 9
324679999999, placeholderLiftType, 9
325079999999, placeholderLiftType, 4
325479999999, placeholderLiftType, 6
325879999999, placeholderLiftType, 12
326279999999, placeholderLiftType, 10
326679999999, placeholderLiftType, 9
327079999999, placeholderLiftType, 0
327479999999, placeholderLiftType, 0
327879999999, placeholderLiftType, 0
328279999999, placeholderLiftType, 20
328679999999, placeholderLiftType, 20
329079999999, placeholderLiftType, 10
329479999999, placeholderLiftType, 2
329879999999, placeholderLiftType, 4
330279999999, placeholderLiftType, 4
330679999999, placeholderLiftType, 3
331079999999, placeholderLiftType, 4
331479999999, placeholderLiftType, 1
331879999999, placeholderLiftType, 5
332279999999, placeholderLiftType, 4
332679999999, placeholderLiftType, 1
333079999999, placeholderLiftType, 1
333479999999, placeholderLiftType, 1
333879999999, placeholderLiftType, 1
334279999999, placeholderLiftType, 2
334679999999, placeholderLiftType, 5
335079999999, placeholderLiftType, 6
335479999999, placeholderLiftType, 6
335879999999, placeholderLiftType, 4
336279999999, placeholderLiftType, 5
336679999999, placeholderLiftType, 2
337079999999, placeholderLiftType, 1
337479999999, placeholderLiftType, 1
337879999999, placeholderLiftType, 6
338279999999, placeholderLiftType, 5
338679999999, placeholderLiftType, 2
339079999999, placeholderLiftType, 2
339479999999, placeholderLiftType, 3
339879999999, placeholderLiftType, 7
340279999999, placeholderLiftType, 4
340679999999, placeholderLiftType, 6
341079999999, placeholderLiftType, 7
341479999999, placeholderLiftType, 8
341879999999, placeholderLiftType, 9
342279999999, placeholderLiftType, 4
342639999999, placeholderLiftType, 13
343039999999, placeholderLiftType, 7
343439999999, placeholderLiftType, 8
343839999999, placeholderLiftType, 9
344239999999, placeholderLiftType, 10
344639999999, placeholderLiftType, 3
345039999999, placeholderLiftType, 8
345439999999, placeholderLiftType, 3
345839999999, placeholderLiftType, 11
346239999999, placeholderLiftType, 12
346639999999, placeholderLiftType, 7
346999999999, placeholderLiftType, 0
347399999999, placeholderLiftType, 0
347799999999, placeholderLiftType, 8
348199999999, placeholderLiftType, 9
348599999999, placeholderLiftType, 10
348999999999, placeholderLiftType, 9
349399999999, placeholderLiftType, 8
349799999999, placeholderLiftType, 8
350199999999, placeholderLiftType, 7
350559999999, placeholderLiftType, 7
350959999999, placeholderLiftType, 7
351359999999, placeholderLiftType, 7
351759999999, placeholderLiftType, 9
352159999999, placeholderLiftType, 10
352559999999, placeholderLiftType, 6
352959999999, placeholderLiftType, 12
353359999999, placeholderLiftType, 7
353759999999, placeholderLiftType, 4
354159999999, placeholderLiftType, 5
354559999999, placeholderLiftType, 9
354959999999, placeholderLiftType, 8
355359999999, placeholderLiftType, 8
355759999999, placeholderLiftType, 7
356159999999, placeholderLiftType, 6
356559999999, placeholderLiftType, 6
356959999999, placeholderLiftType, 5
357359999999, placeholderLiftType, 7
357759999999, placeholderLiftType, 8
358159999999, placeholderLiftType, 7
358559999999, placeholderLiftType, 8
358919999999, placeholderLiftType, 8
359279999999, placeholderLiftType, 8
359639999999, placeholderLiftType, 7
359999999999, placeholderLiftType, 9
360359999999, placeholderLiftType, 8
360759999999, placeholderLiftType, 10
361159999999, placeholderLiftType, 13
361559999999, placeholderLiftType, 11
361959999999, placeholderLiftType, 12
362359999999, placeholderLiftType, 11
362759999999, placeholderLiftType, 8
363159999999, placeholderLiftType, 13
363559999999, placeholderLiftType, 12
363959999999, placeholderLiftType, 12
364319999999, placeholderLiftType, 12
364719999999, placeholderLiftType, 11
365119999999, placeholderLiftType, 11
365519999999, placeholderLiftType, 11
365919999999, placeholderLiftType, 10
366319999999, placeholderLiftType, 12
366719999999, placeholderLiftType, 7
367119999999, placeholderLiftType, 12
367519999999, placeholderLiftType, 6
367919999999, placeholderLiftType, 12
368319999999, placeholderLiftType, 13
368679999999, placeholderLiftType, 13
369039999999, placeholderLiftType, 13
369399999999, placeholderLiftType, 14
369759999999, placeholderLiftType, 14
370119999999, placeholderLiftType, 14
370519999999, placeholderLiftType, 14
370919999999, placeholderLiftType, 14
371319999999, placeholderLiftType, 8
371719999999, placeholderLiftType, 9
372119999999, placeholderLiftType, 15
372479999999, placeholderLiftType, 10
372879999999, placeholderLiftType, 10
373279999999, placeholderLiftType, 10
373679999999, placeholderLiftType, 9
374079999999, placeholderLiftType, 10
374479999999, placeholderLiftType, 10
374879999999, placeholderLiftType, 6
375279999999, placeholderLiftType, 10
375679999999, placeholderLiftType, 15
376079999999, placeholderLiftType, 14
376479999999, placeholderLiftType, 10
376879999999, placeholderLiftType, 7
377279999999, placeholderLiftType, 7
377679999999, placeholderLiftType, 7
378079999999, placeholderLiftType, 1
378479999999, placeholderLiftType, 1
378879999999, placeholderLiftType, 2
379279999999, placeholderLiftType, 2
379679999999, placeholderLiftType, 2
380079999999, placeholderLiftType, 8
380479999999, placeholderLiftType, 2
380879999999, placeholderLiftType, 2
381279999999, placeholderLiftType, 11
381679999999, placeholderLiftType, 1
382039999999, placeholderLiftType, 6
382439999999, placeholderLiftType, 5
382839999999, placeholderLiftType, 1
383239999999, placeholderLiftType, 4
383639999999, placeholderLiftType, 5
384039999999, placeholderLiftType, 8
384439999999, placeholderLiftType, 5
384839999999, placeholderLiftType, 9
385239999999, placeholderLiftType, 11
385639999999, placeholderLiftType, 11
386039999999, placeholderLiftType, 11
386439999999, placeholderLiftType, 10
386839999999, placeholderLiftType, 11
387239999999, placeholderLiftType, 9
387639999999, placeholderLiftType, 5
388039999999, placeholderLiftType, 4
388439999999, placeholderLiftType, 5
388839999999, placeholderLiftType, 16
389239999999, placeholderLiftType, 3
389639999999, placeholderLiftType, 3
390039999999, placeholderLiftType, 1
390439999999, placeholderLiftType, 1
390839999999, placeholderLiftType, 1
391239999999, placeholderLiftType, 2
391639999999, placeholderLiftType, 2
392039999999, placeholderLiftType, 2
392439999999, placeholderLiftType, 2
392839999999, placeholderLiftType, 4
393239999999, placeholderLiftType, 3
393639999999, placeholderLiftType, 3
394039999999, placeholderLiftType, 4
394439999999, placeholderLiftType, 5
394839999999, placeholderLiftType, 3
395239999999, placeholderLiftType, 2
395639999999, placeholderLiftType, 4
396039999999, placeholderLiftType, 4
396439999999, placeholderLiftType, 7
396839999999, placeholderLiftType, 2
397239999999, placeholderLiftType, 0
397639999999, placeholderLiftType, 0
398039999999, placeholderLiftType, 1
398439999999, placeholderLiftType, 2
398839999999, placeholderLiftType, 2
399239999999, placeholderLiftType, 2
399639999999, placeholderLiftType, 2
400039999999, placeholderLiftType, 2
400439999999, placeholderLiftType, 3
400839999999, placeholderLiftType, 2
401239999999, placeholderLiftType, 2
401639999999, placeholderLiftType, 2
402039999999, placeholderLiftType, 3
402439999999, placeholderLiftType, 3
402839999999, placeholderLiftType, 2
403239999999, placeholderLiftType, 2
403639999999, placeholderLiftType, 2
404039999999, placeholderLiftType, 2
404439999999, placeholderLiftType, 3
404839999999, placeholderLiftType, 3
405239999999, placeholderLiftType, 2
405639999999, placeholderLiftType, 2
406039999999, placeholderLiftType, 2
406439999999, placeholderLiftType, 3
406839999999, placeholderLiftType, 2
407239999999, placeholderLiftType, 2
407639999999, placeholderLiftType, 2
408039999999, placeholderLiftType, 2
408439999999, placeholderLiftType, 3
408839999999, placeholderLiftType, 3
409239999999, placeholderLiftType, 2
409639999999, placeholderLiftType, 2
410039999999, placeholderLiftType, 2
410439999999, placeholderLiftType, 3
410839999999, placeholderLiftType, 3
411239999999, placeholderLiftType, 2
411639999999, placeholderLiftType, 2
412039999999, placeholderLiftType, 2
412439999999, placeholderLiftType, 3
412839999999, placeholderLiftType, 3
413239999999, placeholderLiftType, 2
413639999999, placeholderLiftType, 2
414039999999, placeholderLiftType, 2
414439999999, placeholderLiftType, 2
414839999999, placeholderLiftType, 3
415239999999, placeholderLiftType, 2
415639999999, placeholderLiftType, 2
416039999999, placeholderLiftType, 2
416439999999, placeholderLiftType, 2
416839999999, placeholderLiftType, 2
417239999999, placeholderLiftType, 2
417639999999, placeholderLiftType, 1
418039999999, placeholderLiftType, 0
418439999999, placeholderLiftType, 4
418839999999, placeholderLiftType, 0
419239999999, placeholderLiftType, 0
419639999999, placeholderLiftType, 4
420039999999, placeholderLiftType, 3
420439999999, placeholderLiftType, 2
420839999999, placeholderLiftType, 3
421239999999, placeholderLiftType, 3
421639999999, placeholderLiftType, 3
422039999999, placeholderLiftType, 2
422439999999, placeholderLiftType, 4
422839999999, placeholderLiftType, 3
423239999999, placeholderLiftType, 4
423639999999, placeholderLiftType, 4
424039999999, placeholderLiftType, 3
424439999999, placeholderLiftType, 2
424839999999, placeholderLiftType, 3
425239999999, placeholderLiftType, 2
425639999999, placeholderLiftType, 4
426039999999, placeholderLiftType, 2
426439999999, placeholderLiftType, 5
426839999999, placeholderLiftType, 3
427239999999, placeholderLiftType, 3
427639999999, placeholderLiftType, 3
428039999999, placeholderLiftType, 2
428439999999, placeholderLiftType, 3
428839999999, placeholderLiftType, 4
429239999999, placeholderLiftType, 2
429639999999, placeholderLiftType, 2
429999999999, placeholderLiftType, 1
430359999999, placeholderLiftType, 2
430719999999, placeholderLiftType, 2
431119999999, placeholderLiftType, 2
431519999999, placeholderLiftType, 5
431919999999, placeholderLiftType, 6
432319999999, placeholderLiftType, 4
432719999999, placeholderLiftType, 4
433119999999, placeholderLiftType, 4
433519999999, placeholderLiftType, 4
433919999999, placeholderLiftType, 4
434319999999, placeholderLiftType, 4
434719999999, placeholderLiftType, 4
435119999999, placeholderLiftType, 5
435519999999, placeholderLiftType, 5
435919999999, placeholderLiftType, 4
436319999999, placeholderLiftType, 5
436719999999, placeholderLiftType, 4
437119999999, placeholderLiftType, 4
437519999999, placeholderLiftType, 4
437919999999, placeholderLiftType, 4
438319999999, placeholderLiftType, 4
438719999999, placeholderLiftType, 4
439119999999, placeholderLiftType, 4
439519999999, placeholderLiftType, 4
439879999999, placeholderLiftType, 3
440239999999, placeholderLiftType, 2
440599999999, placeholderLiftType, 5
440999999999, placeholderLiftType, 5
441399999999, placeholderLiftType, 5
441799999999, placeholderLiftType, 5
442199999999, placeholderLiftType, 6
442599999999, placeholderLiftType, 4
442999999999, placeholderLiftType, 3
443399999999, placeholderLiftType, 4
443799999999, placeholderLiftType, 4
444199999999, placeholderLiftType, 4
444599999999, placeholderLiftType, 3
444999999999, placeholderLiftType, 4
445399999999, placeholderLiftType, 6
445799999999, placeholderLiftType, 4
446199999999, placeholderLiftType, 8
446599999999, placeholderLiftType, 7
446999999999, placeholderLiftType, 8
447399999999, placeholderLiftType, 8
447799999999, placeholderLiftType, 8
448159999999, placeholderLiftType, 8
448559999999, placeholderLiftType, 8
448959999999, placeholderLiftType, 7
449359999999, placeholderLiftType, 7
449719999999, placeholderLiftType, 4
450119999999, placeholderLiftType, 3
450479999999, placeholderLiftType, 6
450839999999, placeholderLiftType, 4
451239999999, placeholderLiftType, 3
451599999999, placeholderLiftType, 4
451999999999, placeholderLiftType, 3
452399999999, placeholderLiftType, 4
452799999999, placeholderLiftType, 4
453199999999, placeholderLiftType, 3
453599999999, placeholderLiftType, 4
453999999999, placeholderLiftType, 4
454399999999, placeholderLiftType, 4
454799999999, placeholderLiftType, 4
455199999999, placeholderLiftType, 3
455599999999, placeholderLiftType, 4
455999999999, placeholderLiftType, 4
456399999999, placeholderLiftType, 5
456799999999, placeholderLiftType, 4
457199999999, placeholderLiftType, 4
457599999999, placeholderLiftType, 5
457999999999, placeholderLiftType, 4
458399999999, placeholderLiftType, 4
458799999999, placeholderLiftType, 7
459199999999, placeholderLiftType, 4
459559999999, placeholderLiftType, 4
459959999999, placeholderLiftType, 4
460359999999, placeholderLiftType, 2
460759999999, placeholderLiftType, 1
461159999999, placeholderLiftType, 7
461559999999, placeholderLiftType, 2
461959999999, placeholderLiftType, 2
462359999999, placeholderLiftType, 2
462759999999, placeholderLiftType, 3
463159999999, placeholderLiftType, 4
463559999999, placeholderLiftType, 9
463959999999, placeholderLiftType, 14
464359999999, placeholderLiftType, 5
464719999999, placeholderLiftType, 5
465119999999, placeholderLiftType, 10
465519999999, placeholderLiftType, 3
465919999999, placeholderLiftType, 0
466319999999, placeholderLiftType, 0
466719999999, placeholderLiftType, 0
467119999999, placeholderLiftType, 15
467519999999, placeholderLiftType, 16
467919999999, placeholderLiftType, 17
468319999999, placeholderLiftType, 15
468719999999, placeholderLiftType, 7
469119999999, placeholderLiftType, 8
469519999999, placeholderLiftType, 6
469919999999, placeholderLiftType, 6
470319999999, placeholderLiftType, 10
470719999999, placeholderLiftType, 12
471119999999, placeholderLiftType, 23
471519999999, placeholderLiftType, 15
471919999999, placeholderLiftType, 13
472319999999, placeholderLiftType, 9
472719999999, placeholderLiftType, 3
473119999999, placeholderLiftType, 6
473519999999, placeholderLiftType, 16
473919999999, placeholderLiftType, 17
474319999999, placeholderLiftType, 18
474679999999, placeholderLiftType, 18
475079999999, placeholderLiftType, 17
475479999999, placeholderLiftType, 16
475879999999, placeholderLiftType, 0
476279999999, placeholderLiftType, 0
476679999999, placeholderLiftType, 0
477079999999, placeholderLiftType, 11
477479999999, placeholderLiftType, 13
477879999999, placeholderLiftType, 7
478279999999, placeholderLiftType, 9
478679999999, placeholderLiftType, 11
479079999999, placeholderLiftType, 13
479479999999, placeholderLiftType, 8
479879999999, placeholderLiftType, 17
480279999999, placeholderLiftType, 20
480679999999, placeholderLiftType, 1
481079999999, placeholderLiftType, 5
481479999999, placeholderLiftType, 14
481879999999, placeholderLiftType, 7
482279999999, placeholderLiftType, 0
482679999999, placeholderLiftType, 2
483079999999, placeholderLiftType, 1
483479999999, placeholderLiftType, 1
483879999999, placeholderLiftType, 1
484279999999, placeholderLiftType, 1
484679999999, placeholderLiftType, 1
485079999999, placeholderLiftType, 1
485479999999, placeholderLiftType, 2
485879999999, placeholderLiftType, 1
486279999999, placeholderLiftType, 3
486679999999, placeholderLiftType, 4
487079999999, placeholderLiftType, 4
487479999999, placeholderLiftType, 4
487879999999, placeholderLiftType, 4
488279999999, placeholderLiftType, 3
488679999999, placeholderLiftType, 4
489079999999, placeholderLiftType, 6
489479999999, placeholderLiftType, 6
489799999999, placeholderLiftType, 5
490119999999, placeholderLiftType, 6
490439999999, placeholderLiftType, 5
490759999999, placeholderLiftType, 4
491119999999, placeholderLiftType, 4
491519999999, placeholderLiftType, 4
491919999999, placeholderLiftType, 4
492319999999, placeholderLiftType, 4
492719999999, placeholderLiftType, 3
493119999999, placeholderLiftType, 5
493519999999, placeholderLiftType, 5
493919999999, placeholderLiftType, 4
494319999999, placeholderLiftType, 4
494719999999, placeholderLiftType, 4
495119999999, placeholderLiftType, 4
495519999999, placeholderLiftType, 4
495919999999, placeholderLiftType, 5
496319999999, placeholderLiftType, 4
496719999999, placeholderLiftType, 5
497119999999, placeholderLiftType, 4
497519999999, placeholderLiftType, 4
497919999999, placeholderLiftType, 5
498319999999, placeholderLiftType, 4
498719999999, placeholderLiftType, 4
499119999999, placeholderLiftType, 5
499519999999, placeholderLiftType, 4
499919999999, placeholderLiftType, 4
500319999999, placeholderLiftType, 4
500719999999, placeholderLiftType, 3
501119999999, placeholderLiftType, 3
501519999999, placeholderLiftType, 3
501919999999, placeholderLiftType, 3
502319999999, placeholderLiftType, 4
502719999999, placeholderLiftType, 3
503119999999, placeholderLiftType, 5
503519999999, placeholderLiftType, 4
503919999999, placeholderLiftType, 8
504319999999, placeholderLiftType, 4
504719999999, placeholderLiftType, 5
505119999999, placeholderLiftType, 4
505519999999, placeholderLiftType, 5
505919999999, placeholderLiftType, 5
506319999999, placeholderLiftType, 4
506719999999, placeholderLiftType, 5
507119999999, placeholderLiftType, 4
507519999999, placeholderLiftType, 4
507919999999, placeholderLiftType, 5
508319999999, placeholderLiftType, 4
508719999999, placeholderLiftType, 4
509119999999, placeholderLiftType, 5
509519999999, placeholderLiftType, 4
509919999999, placeholderLiftType, 5
510319999999, placeholderLiftType, 4
510679999999, placeholderLiftType, 4
511039999999, placeholderLiftType, 5
511399999999, placeholderLiftType, 4
511799999999, placeholderLiftType, 4
512199999999, placeholderLiftType, 4
512599999999, placeholderLiftType, 4
512999999999, placeholderLiftType, 9
513399999999, placeholderLiftType, 8
513799999999, placeholderLiftType, 8
514199999999, placeholderLiftType, 8
514599999999, placeholderLiftType, 9
514999999999, placeholderLiftType, 7
515399999999, placeholderLiftType, 6
515799999999, placeholderLiftType, 8
516199999999, placeholderLiftType, 6
516599999999, placeholderLiftType, 8
516999999999, placeholderLiftType, 7
517399999999, placeholderLiftType, 8
517799999999, placeholderLiftType, 7
518199999999, placeholderLiftType, 8
518599999999, placeholderLiftType, 9
518999999999, placeholderLiftType, 8
519399999999, placeholderLiftType, 8
519799999999, placeholderLiftType, 9
520199999999, placeholderLiftType, 8
520599999999, placeholderLiftType, 6
520999999999, placeholderLiftType, 6
521399999999, placeholderLiftType, 7
521799999999, placeholderLiftType, 8
522199999999, placeholderLiftType, 8
